,pk_cid,recency,ingesta,frequency,monetary_value,r_quartile,f_quartile,m_quartile,i_quartile,RFMScore,region_code,salary,age,gender,unidades_vendidas_total,em_acount,debit_card
6363,1383985,459,454,16,560,4,1,1,1,411,28.0,108144,31,1,2.0,1.0,0.0
1078,1387430,442,426,15,1180,4,1,1,1,411,50.0,113652,37,2,3.0,0.0,1.0
2145,1390773,417,395,14,980,4,1,1,1,411,41.0,111104,34,2,2.0,1.0,1.0
673,1378121,487,485,17,1360,4,1,1,1,411,24.0,111329,51,2,3.0,1.0,0.0
6768,1375240,504,485,17,530,4,1,1,1,411,41.0,361168,20,2,1.0,1.0,0.0
5027,1379676,480,454,16,660,4,1,1,1,411,41.0,104182,47,2,3.0,0.0,0.0
2290,1391344,415,395,14,940,4,1,1,1,411,11.0,39089,34,1,2.0,0.0,1.0
8153,1397209,378,365,13,390,4,1,1,1,411,3.0,52544,30,1,1.0,1.0,0.0
5297,1387734,438,426,15,650,4,1,1,1,411,41.0,38816,34,1,2.0,1.0,0.0
10515,1386437,448,426,15,230,4,1,1,1,411,3.0,66513,33,1,1.0,1.0,0.0
10837,1398182,372,365,13,220,4,1,1,1,411,28.0,62601,62,2,1.0,1.0,0.0
8113,1403577,333,334,12,400,4,1,1,1,411,43.0,121710,47,1,2.0,0.0,0.0
1393,1389715,428,426,15,1110,4,1,1,1,411,18.0,122076,30,2,2.0,1.0,0.0
4830,1383770,462,454,16,680,4,1,1,1,411,46.0,96065,36,1,2.0,1.0,0.0
10703,1393907,399,395,14,230,4,1,1,1,411,28.0,144014,33,1,2.0,1.0,0.0
7589,1387166,443,426,15,450,4,1,1,1,411,8.0,191897,31,2,1.0,1.0,0.0
7244,1401411,350,334,12,480,4,1,1,1,411,28.0,177039,28,1,1.5,1.0,0.5
3717,1402762,340,334,12,780,4,1,1,1,411,28.0,218881,31,1,2.0,1.0,1.0
7103,1391455,414,395,14,500,4,1,1,1,411,28.0,218923,49,1,1.0,0.0,0.0
3247,1383980,459,454,16,820,4,1,1,1,411,41.0,31105,45,2,2.0,1.0,1.0
6372,1404822,326,304,11,560,4,1,1,2,411,28.0,132212,62,2,3.0,0.0,0.0
385,1386855,444,365,13,1560,4,1,1,1,411,8.0,113652,33,2,5.0,1.0,1.0
1261,1376663,497,485,17,1130,4,1,1,1,411,18.0,104750,41,1,2.0,1.0,1.0
2372,1390060,424,365,13,930,4,1,1,1,411,28.0,113652,33,2,3.0,0.0,0.0
8140,1384165,459,426,15,390,4,1,1,1,411,15.0,99949,45,2,1.0,1.0,0.0
9826,1382166,470,454,16,260,4,1,1,1,411,28.0,113153,35,1,1.0,0.0,0.0
6247,1386009,450,426,15,570,4,1,1,1,411,7.0,212240,20,1,1.0,0.0,0.0
9469,1376901,494,454,16,280,4,1,1,1,411,28.0,179716,41,2,1.0,1.0,0.0
10586,1410901,311,304,11,230,4,1,1,2,411,11.0,84978,52,1,1.0,1.0,0.0
1984,1387954,438,426,15,990,4,1,1,1,411,8.0,180157,38,1,2.0,1.0,1.0
11622,1393795,399,395,14,180,4,1,1,1,411,13.0,86254,49,1,0.0,0.0,0.0
5809,1399958,361,334,12,600,4,1,1,1,411,50.0,60751,56,2,2.0,1.0,0.0
9594,1375316,501,485,17,270,4,1,1,1,411,19.0,144391,28,1,1.0,0.0,0.0
2611,1378809,485,454,16,900,4,1,1,1,411,3.0,37507,28,2,3.0,0.0,0.0
6013,1395733,387,365,13,590,4,1,1,1,411,45.0,50345,39,2,3.0,0.0,0.0
4877,1398538,368,365,13,670,4,1,1,1,411,8.0,127745,45,1,2.0,1.0,1.0
7347,1405863,319,304,11,470,4,1,1,2,411,3.0,55918,28,1,2.0,1.0,1.0
6733,1397136,379,365,13,530,4,1,1,1,411,28.0,48893,34,2,1.0,1.0,1.0
3582,1388505,435,395,14,780,4,1,1,1,411,41.0,141400,23,2,2.0,1.0,1.0
9257,1390261,423,395,14,290,4,1,1,1,411,46.0,123427,32,1,1.0,0.0,0.0
4871,1401581,347,334,12,670,4,1,1,1,411,7.0,113652,50,2,3.0,0.0,0.0
2628,1400880,353,334,12,900,4,1,1,1,411,28.0,105811,29,1,2.0,0.5,0.0
10706,1407068,316,304,11,230,4,1,1,2,411,31.0,113652,31,1,1.0,1.0,0.0
5609,1397994,373,365,13,620,4,1,1,1,411,3.0,61553,37,2,1.0,1.0,0.0
2215,332532,483,454,16,960,4,1,1,1,411,28.0,74513,45,1,3.0,0.0,0.0
4226,79841,346,334,12,720,4,1,1,1,411,28.0,304534,51,1,1.0,0.0,0.0
9342,1375068,504,485,17,290,4,1,1,1,411,8.0,144120,30,2,1.0,1.0,0.0
10463,1406455,317,304,11,230,4,1,1,2,411,28.0,88466,44,2,1.0,0.0,0.0
10741,1382071,471,454,16,220,4,1,1,1,411,47.0,168733,32,1,1.0,1.0,0.0
6876,1414699,308,304,11,520,4,1,1,2,411,8.0,82810,24,2,2.0,1.0,1.0
4682,1375733,500,485,17,690,4,1,1,1,411,24.0,46937,34,1,1.0,0.0,0.0
2576,1390973,416,395,14,910,4,1,1,1,411,29.0,72382,32,1,2.0,1.0,1.0
11045,624577,361,334,12,210,4,1,1,1,411,28.0,70682,73,1,2.0,1.0,0.0
11094,1111682,442,426,15,210,4,1,1,1,411,28.0,119253,45,2,1.0,1.0,0.0
5640,1404266,330,304,11,610,4,1,1,2,411,46.0,38691,27,1,3.0,0.0,0.0
8303,1396205,385,365,13,370,4,1,1,1,411,37.0,76107,36,1,1.0,1.0,0.0
8741,1387168,443,426,15,330,4,1,1,1,411,28.0,140061,49,2,1.0,1.0,0.0
10417,1378156,487,454,16,240,4,1,1,1,411,22.0,89760,64,2,1.0,1.0,0.0
10740,1379068,484,454,16,220,4,1,1,1,411,28.0,52083,28,1,1.0,1.0,0.0
5202,1377477,492,485,17,650,4,1,1,1,411,31.0,113652,36,2,1.0,1.0,0.0
4129,1397437,375,365,13,730,4,1,1,1,411,46.0,61431,44,2,2.0,1.0,1.0
8067,1380177,478,454,16,400,4,1,1,1,411,15.0,107391,42,1,1.0,1.0,0.0
1623,1382504,469,454,16,1060,4,1,1,1,411,8.0,113652,36,2,2.0,1.0,1.0
6594,1393825,399,395,14,540,4,1,1,1,411,28.0,70836,90,1,2.0,0.0,0.0
9354,1404926,325,304,11,290,4,1,1,2,411,28.0,782011,20,2,1.0,1.0,0.0
9585,1384950,456,454,16,280,4,1,1,1,411,28.0,123038,40,1,1.0,1.0,0.0
2009,1381210,473,454,16,990,4,1,1,1,411,31.0,113652,36,1,2.0,1.0,1.0
7447,1419522,304,304,11,470,4,1,1,2,411,30.0,109797,20,1,2.0,1.0,1.0
9251,1405494,323,304,11,290,4,1,1,2,411,25.0,56575,43,1,1.0,1.0,0.0
429,1392829,406,395,14,1520,4,1,1,1,411,8.0,116967,33,2,4.0,0.0,1.0
10381,1386696,445,395,14,240,4,1,1,1,411,46.0,46689,58,1,1.0,1.0,0.0
11201,1387468,442,426,15,200,4,1,1,1,411,28.0,87743,36,2,1.0,0.0,0.0
3753,1405325,324,304,11,770,4,1,1,2,411,41.0,106287,38,2,2.0,1.0,1.0
5022,1402096,345,334,12,660,4,1,1,1,411,28.0,143031,35,2,2.0,1.0,1.0
2102,1392091,410,395,14,980,4,1,1,1,411,9.0,90919,31,1,2.0,1.0,1.0
1496,1374033,508,485,17,1070,4,1,1,1,411,40.0,113652,34,2,2.0,1.0,1.0
764,1379747,480,454,16,1310,4,1,1,1,411,30.0,113652,35,1,2.0,0.0,1.0
10425,1380285,478,454,16,240,4,1,1,1,411,28.0,77340,50,2,1.0,1.0,0.0
11742,1406163,318,304,11,170,4,1,1,2,411,36.0,52453,33,1,1.0,1.0,0.0
8014,1375492,501,485,17,410,4,1,1,1,411,3.0,42916,34,2,1.0,1.0,0.0
6578,1400826,354,334,12,540,4,1,1,1,411,28.0,113652,40,2,2.0,1.0,1.0
10628,1389771,427,395,14,230,4,1,1,1,411,28.0,209073,60,2,1.0,0.0,0.0
3274,1376659,497,485,17,810,4,1,1,1,411,45.0,113652,42,2,2.0,1.0,0.0
747,374423,469,454,16,1330,4,1,1,1,411,5.0,113652,54,1,3.0,0.0,0.0
4949,1381397,473,454,16,670,4,1,1,1,411,28.0,207146,33,1,1.0,0.0,0.0
2629,1388692,434,365,13,900,4,1,1,1,411,28.0,90653,32,2,2.0,1.0,1.0
19,1375008,504,485,17,2540,4,1,1,1,411,28.0,241063,54,2,5.0,0.0,1.0
8892,1391389,414,395,14,320,4,1,1,1,411,37.0,88470,34,1,1.0,1.0,0.0
5151,1398250,372,365,13,650,4,1,1,1,411,28.0,105215,68,2,2.0,1.0,0.0
9950,1392224,409,395,14,260,4,1,1,1,411,45.0,103353,39,1,1.0,1.0,0.0
4238,1399921,361,334,12,720,4,1,1,1,411,28.0,325667,22,1,2.0,1.0,1.0
7209,1391348,415,395,14,490,4,1,1,1,411,8.0,113652,29,2,2.0,0.0,0.0
5851,1386820,444,426,15,600,4,1,1,1,411,28.0,166745,68,2,2.0,0.0,0.0
5707,1406376,318,304,11,610,4,1,1,2,411,46.0,32129,32,1,2.0,1.0,0.0
2388,1378694,485,485,17,930,4,1,1,1,411,15.0,43810,37,1,1.0,1.0,0.0
5168,1395590,387,365,13,650,4,1,1,1,411,48.0,113652,47,1,2.0,1.0,0.0
4786,1386706,445,426,15,680,4,1,1,1,411,41.0,143435,25,2,2.0,1.0,1.0
11167,1420046,304,304,11,200,4,1,1,2,411,8.0,116038,43,2,1.0,0.0,0.0
5230,1394359,395,304,11,650,4,1,1,2,411,47.0,128298,29,2,2.0,1.0,1.0
6497,1384448,458,454,16,550,4,1,1,1,411,28.0,270433,33,2,1.0,0.0,0.0
5523,1385214,455,426,15,630,4,1,1,1,411,46.0,74237,36,1,2.0,1.0,0.0
6210,1402704,340,334,12,570,4,1,1,1,411,46.0,55489,63,1,2.0,0.0,0.0
5465,1388112,437,426,15,630,4,1,1,1,411,37.0,103634,25,2,2.0,1.0,1.0
3208,218007,324,304,11,820,4,1,1,2,411,28.0,129131,46,1,3.0,1.0,1.0
5195,1394193,396,365,13,650,4,1,1,1,411,46.0,53370,33,2,3.0,1.0,0.0
11847,1378562,486,485,17,170,4,1,1,1,411,38.0,46131,36,2,1.0,1.0,0.0
3181,1395914,386,334,12,830,4,1,1,1,411,28.0,78857,54,1,3.5,0.5,0.5
2054,1382375,470,426,15,990,4,1,1,1,411,48.0,113652,37,2,2.0,1.0,1.0
9834,1374751,505,485,17,260,4,1,1,1,411,8.0,113652,43,2,1.0,1.0,0.0
10623,1412760,309,304,11,230,4,1,1,2,411,43.0,87534,38,2,1.0,1.0,0.0
2333,1380539,477,454,16,930,4,1,1,1,411,28.0,103884,35,1,2.0,1.0,1.0
9140,1386539,445,426,15,300,4,1,1,1,411,28.0,213218,37,2,1.0,1.0,0.0
1068,1382660,466,454,16,1180,4,1,1,1,411,23.0,37358,34,1,2.0,1.0,0.0
6874,1404458,329,304,11,520,4,1,1,2,411,35.0,28963,38,2,2.0,1.0,1.0
1511,1374670,506,485,17,1070,4,1,1,1,411,39.0,113652,49,2,2.0,1.0,1.0
6755,1418811,304,304,11,530,4,1,1,2,411,24.0,113652,20,1,2.0,1.0,1.0
5885,1393997,396,395,14,600,4,1,1,1,411,28.0,82646,41,1,1.0,1.0,0.0
6387,1402768,339,334,12,560,4,1,1,1,411,28.0,297767,67,1,1.0,0.0,0.0
3685,1402267,344,334,12,780,4,1,1,1,411,26.0,118618,38,1,2.0,1.0,1.0
8999,1391895,410,395,14,310,4,1,1,1,411,41.0,87814,29,2,1.0,1.0,0.0
10180,1379189,483,454,16,250,4,1,1,1,411,28.0,76854,50,2,1.0,0.0,0.0
9330,1380064,479,454,16,290,4,1,1,1,411,28.0,198458,26,1,0.0,0.0,0.0
8538,1376808,494,485,17,350,4,1,1,1,411,50.0,71880,36,2,2.0,1.0,0.0
10906,1400610,354,334,12,210,4,1,1,1,411,9.0,125077,40,2,2.0,1.0,0.0
9806,1393647,400,395,14,260,4,1,1,1,411,28.0,113652,46,1,1.0,1.0,0.0
9113,1384102,459,426,15,300,4,1,1,1,411,8.0,113652,29,1,1.0,0.0,0.0
2221,1379350,480,454,16,960,4,1,1,1,411,15.0,71737,52,2,3.0,1.0,1.0
10024,1395486,388,365,13,250,4,1,1,1,411,28.0,62763,45,2,1.0,1.0,0.0
4403,1385471,452,426,15,710,4,1,1,1,411,50.0,193424,57,1,2.0,1.0,0.0
3021,1388594,434,426,15,850,4,1,1,1,411,41.0,48804,40,2,1.0,0.0,1.0
554,1374285,508,485,17,1430,4,1,1,1,411,4.0,80114,46,2,2.0,1.0,1.0
3508,1398253,372,365,13,790,4,1,1,1,411,15.0,130683,40,1,2.0,1.0,1.0
3316,1383825,462,426,15,810,4,1,1,1,411,46.0,59522,47,2,2.0,1.0,1.0
5100,1374935,505,485,17,660,4,1,1,1,411,28.0,314188,32,1,2.0,0.0,0.0
10369,1393426,401,395,14,240,4,1,1,1,411,38.0,113652,39,1,2.0,1.0,0.0
3467,1395278,389,365,13,790,4,1,1,1,411,30.0,93800,43,2,2.0,1.0,1.0
7364,1414333,308,304,11,470,4,1,1,2,411,13.0,95651,50,2,2.0,1.0,1.0
5228,1403413,336,304,11,650,4,1,1,2,411,33.0,145555,23,2,2.0,1.0,1.0
8326,1378874,484,454,16,370,4,1,1,1,411,28.0,58374,34,2,1.0,0.0,0.0
10505,1376525,497,485,17,230,4,1,1,1,411,35.0,113652,44,2,1.0,0.0,0.0
3780,1374079,508,485,17,770,4,1,1,1,411,28.0,144348,39,2,2.0,1.0,0.0
4341,1406444,317,304,11,710,4,1,1,2,411,47.0,28351,42,2,2.0,1.0,1.0
9303,1404279,330,304,11,290,4,1,1,2,411,30.0,61065,32,1,1.0,1.0,0.0
1178,1394086,396,365,13,1140,4,1,1,1,411,15.0,152222,37,1,2.0,0.0,1.0
9256,1122100,487,485,17,290,4,1,1,1,411,8.0,186769,45,2,1.0,1.0,0.0
11793,1418483,305,304,11,170,4,1,1,2,411,46.0,113652,23,1,1.0,1.0,0.0
937,1392548,407,395,14,1230,4,1,1,1,411,34.0,77942,27,2,3.5,0.0,0.0
5099,1398840,344,334,12,660,4,1,1,1,411,28.0,92468,49,1,1.0,0.0,0.0
360,1391412,414,395,14,1580,4,1,1,1,411,28.0,110649,27,2,5.0,0.0,1.0
10083,1394665,394,365,13,250,4,1,1,1,411,15.0,53563,43,1,1.0,1.0,0.0
9212,1376339,498,485,17,290,4,1,1,1,411,28.0,70069,35,2,1.0,1.0,0.0
4606,1404757,326,304,11,700,4,1,1,2,411,11.0,79945,34,1,1.0,0.0,1.0
11848,1381251,473,454,16,170,4,1,1,1,411,24.0,119789,46,1,0.5,0.0,0.0
11870,1378506,486,485,17,170,4,1,1,1,411,29.0,94650,28,1,1.0,1.0,0.0
7039,1377870,490,426,15,510,4,1,1,1,411,37.0,85024,36,2,2.0,1.0,0.0
8870,1399076,366,304,11,320,4,1,1,2,411,41.0,45637,30,2,1.0,0.0,0.0
2452,1391458,414,395,14,920,4,1,1,1,411,28.0,128663,35,1,2.0,1.0,1.0
8285,1398594,368,365,13,380,4,1,1,1,411,14.0,53625,30,1,1.0,1.0,0.0
7834,1395002,391,365,13,430,4,1,1,1,411,46.0,37664,60,1,1.0,1.0,0.0
1217,1376359,498,485,17,1130,4,1,1,1,411,41.0,79001,37,1,2.0,1.0,1.0
4598,1384135,459,454,16,700,4,1,1,1,411,28.0,76446,31,2,2.0,1.0,1.0
11638,1405973,319,304,11,180,4,1,1,2,411,50.0,113652,53,1,2.0,1.0,0.0
2142,1387922,438,426,15,980,4,1,1,1,411,41.0,62720,34,1,2.0,1.0,1.0
11063,1389356,429,426,15,210,4,1,1,1,411,20.0,113652,54,2,1.0,1.0,0.0
10618,1383568,463,426,15,230,4,1,1,1,411,14.0,18860,32,2,1.0,1.0,0.0
10992,1379208,483,454,16,210,4,1,1,1,411,28.0,152057,23,1,1.0,0.5,0.0
5281,1412843,309,304,11,650,4,1,1,2,411,36.0,192925,58,2,2.0,1.0,1.0
2935,1392376,408,395,14,860,4,1,1,1,411,28.0,57450,38,1,2.0,1.0,1.0
4035,1391467,414,395,14,740,4,1,1,1,411,41.0,144609,33,1,2.0,1.0,1.0
10186,1379686,480,454,16,250,4,1,1,1,411,21.0,91953,39,1,1.0,1.0,0.0
1369,1393978,396,395,14,1110,4,1,1,1,411,3.0,117117,32,1,2.0,0.0,1.0
9443,1382273,470,454,16,280,4,1,1,1,411,25.0,37882,61,1,1.0,1.0,0.0
6149,1384210,459,454,16,580,4,1,1,1,411,45.0,99569,32,1,1.0,1.0,0.0
5714,1381726,472,454,16,610,4,1,1,1,411,28.0,113652,52,2,1.0,0.0,0.0
11671,1416254,307,304,11,180,4,1,1,2,411,28.0,113652,52,2,2.0,1.0,0.0
5421,1383451,464,454,16,640,4,1,1,1,411,28.0,197710,38,2,3.0,0.0,0.0
11221,1398300,372,365,13,200,4,1,1,1,411,46.0,31446,39,2,0.0,0.0,0.0
8383,1405779,321,304,11,360,4,1,1,2,411,28.0,117847,25,2,2.0,1.0,0.0
461,1382001,471,454,16,1500,4,1,1,1,411,35.0,58771,32,2,3.5,0.0,1.0
8223,1380883,476,454,16,380,4,1,1,1,411,17.0,116301,43,2,2.0,1.0,0.0
1053,1389694,428,395,14,1190,4,1,1,1,411,7.0,194709,57,2,3.0,0.0,0.0
3207,1418616,305,304,11,820,4,1,1,2,411,8.0,126660,28,2,4.0,0.0,1.0
200,1386242,449,426,15,1750,4,1,1,1,411,3.0,17647,56,2,4.0,0.0,1.0
10402,1010926,360,334,12,240,4,1,1,1,411,28.0,51539,48,2,1.0,1.0,0.0
4165,1394090,396,365,13,730,4,1,1,1,411,46.0,51266,34,1,2.0,1.0,1.0
6798,1395053,389,365,13,520,4,1,1,1,411,28.0,297612,61,1,1.0,0.0,0.0
11354,1403829,332,304,11,190,4,1,1,2,411,29.0,76892,38,2,1.0,1.0,0.0
3328,1389342,430,426,15,810,4,1,1,1,411,45.0,85529,40,1,2.0,1.0,1.0
1634,1380287,478,454,16,1060,4,1,1,1,411,8.0,211369,34,1,2.0,0.0,0.0
6459,1395623,387,334,12,550,4,1,1,1,411,28.0,272481,29,1,1.5,0.0,0.0
3946,1384765,457,454,16,750,4,1,1,1,411,41.0,156220,45,2,2.0,1.0,0.0
1643,1383629,463,454,16,1060,4,1,1,1,411,29.0,113652,61,2,2.0,1.0,1.0
6925,1401260,351,334,12,520,4,1,1,1,411,48.0,113652,42,2,3.0,0.0,0.0
927,1385554,452,426,15,1240,4,1,1,1,411,35.0,128703,54,1,2.0,1.0,1.0
4989,1395627,387,365,13,670,4,1,1,1,411,29.0,38300,34,2,2.0,1.0,1.0
3154,1401067,352,334,12,830,4,1,1,1,411,28.0,113652,31,1,2.5,0.0,1.0
3045,1398438,371,365,13,850,4,1,1,1,411,30.0,36894,27,1,2.0,1.0,1.0
8625,1379744,480,454,16,340,4,1,1,1,411,3.0,113652,45,2,1.0,1.0,0.0
149,1378378,487,485,17,1850,4,1,1,1,411,28.0,113652,51,2,3.0,1.0,1.0
2012,1383576,463,426,15,990,4,1,1,1,411,18.0,51640,47,2,2.0,1.0,1.0
11365,1400749,354,334,12,190,4,1,1,1,411,28.0,51872,31,1,1.0,0.5,0.0
9801,1417606,305,304,11,260,4,1,1,2,411,9.0,113652,44,2,2.0,1.0,0.0
3305,1388929,431,426,15,810,4,1,1,1,411,39.0,113652,28,1,2.0,0.0,0.0
4772,322048,464,454,16,680,4,1,1,1,411,28.0,92069,76,1,2.0,1.0,0.0
9635,1384427,458,426,15,270,4,1,1,1,411,8.0,113652,50,1,2.0,1.0,0.0
10875,1402721,340,334,12,220,4,1,1,1,411,15.0,113652,62,2,0.0,0.0,0.0
11090,1378449,486,454,16,210,4,1,1,1,411,28.0,101628,28,1,1.0,1.0,0.0
10929,1375899,500,454,16,210,4,1,1,1,411,46.0,72535,64,1,1.0,0.0,0.0
11012,1383965,459,454,16,210,4,1,1,1,411,27.0,46878,31,2,1.0,1.0,0.0
6023,1398657,368,334,12,590,4,1,1,1,411,28.0,94353,35,2,3.0,0.0,0.0
2239,1378322,487,485,17,950,4,1,1,1,411,33.0,75669,39,2,2.0,1.0,1.0
2406,1385430,452,426,15,930,4,1,1,1,411,4.0,69589,35,1,2.0,1.0,1.0
7660,1421069,303,304,11,450,4,1,1,2,411,8.0,75606,58,1,1.0,1.0,1.0
11397,1390901,416,395,14,190,4,1,1,1,411,28.0,165485,26,1,1.0,0.0,0.0
7001,1419308,304,304,11,510,4,1,1,2,411,20.0,113652,64,2,2.0,1.0,0.0
3651,1397763,374,334,12,780,4,1,1,1,411,7.0,80978,20,2,2.0,1.0,1.0
468,1375713,501,485,17,1500,4,1,1,1,411,28.0,65828,53,1,4.0,0.0,1.0
7717,1381346,473,454,16,440,4,1,1,1,411,14.0,58825,21,2,1.0,0.0,0.0
10345,1402516,340,334,12,240,4,1,1,1,411,30.0,113652,42,2,1.0,1.0,0.0
5703,1383790,462,454,16,610,4,1,1,1,411,9.0,100379,34,2,1.0,0.0,0.0
2957,1398810,368,365,13,850,4,1,1,1,411,41.0,87943,57,2,2.0,1.0,1.0
8833,1382726,466,454,16,320,4,1,1,1,411,28.0,270337,25,1,1.0,1.0,0.0
101,1379763,480,454,16,1960,4,1,1,1,411,28.0,113652,36,1,5.0,1.0,1.0
4896,1375155,504,485,17,670,4,1,1,1,411,27.0,64329,35,1,2.0,1.0,0.0
6113,1398345,371,365,13,580,4,1,1,1,411,28.0,110638,76,2,2.0,1.0,0.0
9820,1409202,312,304,11,260,4,1,1,2,411,28.0,36730,31,1,1.0,0.0,0.0
3485,1398004,373,365,13,790,4,1,1,1,411,28.0,113652,43,2,3.0,0.0,0.0
2996,1397591,375,365,13,850,4,1,1,1,411,46.0,76759,28,1,2.0,1.0,1.0
647,1375424,501,485,17,1380,4,1,1,1,411,29.0,263186,32,2,2.0,1.0,1.0
10191,1380639,477,454,16,250,4,1,1,1,411,15.0,176879,65,2,1.0,1.0,0.0
5259,1417620,305,304,11,650,4,1,1,2,411,10.0,113652,20,1,2.0,1.0,1.0
10471,1380872,476,454,16,230,4,1,1,1,411,35.0,81253,53,2,1.0,1.0,0.0
11772,1417138,307,304,11,170,4,1,1,2,411,50.0,206795,35,2,1.0,1.0,0.0
4674,1391043,416,395,14,690,4,1,1,1,411,46.0,150201,25,2,2.0,0.0,0.0
4983,1378895,484,454,16,670,4,1,1,1,411,28.0,113652,77,2,1.0,0.0,0.0
3688,1383067,465,454,16,780,4,1,1,1,411,29.0,53300,34,1,3.0,0.0,0.0
3068,1398175,372,365,13,850,4,1,1,1,411,28.0,127867,46,2,2.0,1.0,1.0
1791,1386890,442,334,12,1020,4,1,1,1,411,23.0,125640,37,1,2.0,1.0,0.0
3909,1380201,478,454,16,760,4,1,1,1,411,28.0,619313,31,2,2.0,1.0,1.0
99,1381221,473,454,16,1960,4,1,1,1,411,12.0,55606,22,2,3.0,1.0,1.0
10197,1388349,436,426,15,250,4,1,1,1,411,19.0,128621,65,2,2.0,1.0,0.0
4847,1377518,492,485,17,680,4,1,1,1,411,28.0,162919,61,1,2.0,1.0,0.0
2874,1403296,337,334,12,860,4,1,1,1,411,3.0,77732,34,2,2.0,0.0,1.0
1035,1385741,451,426,15,1190,4,1,1,1,411,8.0,110260,33,1,2.0,1.0,1.0
1688,1387804,438,426,15,1050,4,1,1,1,411,28.0,71397,43,2,2.0,1.0,1.0
7012,1380926,476,454,16,510,4,1,1,1,411,30.0,42767,41,2,1.0,1.0,0.0
2676,1375850,500,485,17,890,4,1,1,1,411,46.0,74545,42,2,2.0,1.0,1.0
8960,1419610,304,304,11,310,4,1,1,2,411,8.0,117700,32,2,1.0,1.0,0.0
9080,1375207,504,485,17,300,4,1,1,1,411,28.0,140326,39,1,1.0,0.0,0.0
1213,1375437,501,485,17,1130,4,1,1,1,411,7.0,113652,29,1,3.0,1.0,1.0
1022,1405658,322,304,11,1200,4,1,1,2,411,46.0,37275,38,1,3.0,1.0,1.0
7524,1416330,307,304,11,460,4,1,1,2,411,10.0,138293,33,1,2.0,1.0,1.0
7670,1390897,416,395,14,440,4,1,1,1,411,48.0,113652,40,1,1.0,1.0,0.0
7008,1406751,316,304,11,510,4,1,1,2,411,28.0,251936,34,2,3.0,0.0,0.0
1347,1381129,473,454,16,1120,4,1,1,1,411,29.0,35288,34,2,3.0,0.0,0.0
8095,1412828,309,304,11,400,4,1,1,2,411,26.0,25741,40,1,1.0,1.0,0.0
1768,1382281,470,454,16,1030,4,1,1,1,411,29.0,40891,33,1,3.0,1.0,0.0
5302,1391156,415,395,14,650,4,1,1,1,411,28.0,168725,41,2,2.5,1.0,0.5
900,1374610,506,485,17,1250,4,1,1,1,411,35.0,125926,40,2,2.0,1.0,1.0
2585,1375035,504,485,17,910,4,1,1,1,411,28.0,95212,43,1,2.0,1.0,1.0
10637,1390311,423,395,14,230,4,1,1,1,411,8.0,94500,46,2,1.0,1.0,0.0
9981,1391718,413,395,14,260,4,1,1,1,411,28.0,154775,21,1,1.0,1.0,0.0
4301,1401833,346,334,12,720,4,1,1,1,411,29.0,59370,30,1,2.0,1.0,1.0
1793,1405003,325,304,11,1020,4,1,1,2,411,18.0,71464,29,1,2.0,0.0,1.0
5627,1388805,431,395,14,620,4,1,1,1,411,28.0,91109,74,2,2.0,0.0,1.0
7157,1394344,395,365,13,490,4,1,1,1,411,28.0,97628,56,1,1.0,1.0,0.0
8246,1376252,498,485,17,380,4,1,1,1,411,9.0,60425,46,1,1.0,1.0,0.0
119,1246858,366,334,12,1920,4,1,1,1,411,28.0,138880,59,2,5.0,0.0,1.0
11802,1397501,375,365,13,170,4,1,1,1,411,15.0,113652,46,2,0.0,0.0,0.0
7132,1374718,505,485,17,490,4,1,1,1,411,28.0,111513,66,1,2.0,0.0,0.0
6147,1419499,304,304,11,580,4,1,1,2,411,29.0,42355,24,2,2.0,1.0,1.0
11555,1381435,473,426,15,180,4,1,1,1,411,28.0,251760,41,2,0.0,0.0,0.0
4640,1380311,478,454,16,700,4,1,1,1,411,28.0,128445,30,2,2.0,1.0,1.0
5282,1399043,367,334,12,650,4,1,1,1,411,18.0,55071,39,1,2.0,1.0,1.0
5858,1401499,347,334,12,600,4,1,1,1,411,28.0,83302,78,1,2.0,1.0,0.0
5493,1395359,388,365,13,630,4,1,1,1,411,13.0,68515,28,2,3.0,0.0,0.0
10667,1398176,372,365,13,230,4,1,1,1,411,28.0,121576,40,2,1.0,1.0,0.0
4782,1380023,479,454,16,680,4,1,1,1,411,46.0,80768,47,2,2.0,1.0,0.0
1219,1385400,452,426,15,1130,4,1,1,1,411,23.0,44100,32,2,4.0,0.0,1.0
700,1398079,373,365,13,1350,4,1,1,1,411,36.0,60482,32,1,4.0,0.0,1.0
6601,1392026,410,395,14,540,4,1,1,1,411,46.0,113652,60,1,2.0,1.0,0.0
2638,1398060,373,365,13,900,4,1,1,1,411,28.0,113652,25,1,2.0,0.0,1.0
8492,1375354,501,485,17,350,4,1,1,1,411,41.0,79577,37,2,1.0,1.0,0.0
5200,1377217,493,485,17,650,4,1,1,1,411,35.0,197523,27,2,1.0,1.0,0.0
2420,1387154,443,426,15,930,4,1,1,1,411,8.0,144169,30,1,2.0,1.0,1.0
304,1377340,493,485,17,1640,4,1,1,1,411,39.0,42987,39,1,3.0,0.0,1.0
9830,1386192,449,426,15,260,4,1,1,1,411,28.0,66753,44,2,1.0,0.0,0.0
4441,1385101,455,426,15,710,4,1,1,1,411,28.0,204263,60,1,2.0,1.0,0.0
1479,1382470,469,454,16,1080,4,1,1,1,411,24.0,94465,29,1,2.0,1.0,1.0
8495,1404939,325,304,11,350,4,1,1,2,411,28.0,113652,46,2,1.0,1.0,0.0
10168,1377321,493,485,17,250,4,1,1,1,411,28.0,98397,28,2,1.0,1.0,0.0
6092,1381936,319,304,11,580,4,1,1,2,411,37.0,113652,63,2,3.0,1.0,0.0
3272,1377663,491,485,17,810,4,1,1,1,411,28.0,56342,54,1,2.0,1.0,0.0
1579,1384170,459,454,16,1060,4,1,1,1,411,41.0,148997,32,1,2.0,1.0,1.0
2252,1376307,498,485,16,950,4,1,1,1,411,28.0,199390,33,2,3.0,0.0,0.0
10620,1396299,382,365,13,230,4,1,1,1,411,28.0,47882,39,2,1.0,0.0,0.0
3422,1379114,484,454,16,800,4,1,1,1,411,33.0,44836,49,2,2.0,1.0,0.0
9837,1389065,431,426,15,260,4,1,1,1,411,28.0,128714,43,1,2.0,1.0,0.0
10581,1398101,373,365,13,230,4,1,1,1,411,39.0,148730,44,1,1.0,0.0,0.0
10359,1386469,448,426,15,240,4,1,1,1,411,15.0,126165,51,2,1.0,1.0,0.0
11519,1388323,436,426,15,180,4,1,1,1,411,7.0,148262,45,2,1.0,0.0,0.0
11341,1396262,384,365,13,190,4,1,1,1,411,6.0,87095,30,2,1.0,1.0,0.0
2474,1388083,437,426,15,920,4,1,1,1,411,28.0,89206,52,2,2.0,1.0,1.0
11333,1386313,449,426,15,190,4,1,1,1,411,1.0,113652,36,2,1.0,0.0,0.0
7825,1404597,327,304,11,430,4,1,1,2,411,50.0,73378,35,2,2.0,1.0,0.0
10214,1379616,480,454,16,250,4,1,1,1,411,18.0,87450,67,2,1.0,1.0,0.0
3447,1391169,415,395,14,800,4,1,1,1,411,8.0,255659,33,1,2.0,1.0,1.0
5358,1380209,478,454,16,640,4,1,1,1,411,43.0,68837,34,1,1.5,1.0,0.5
5795,1403638,333,304,11,600,4,1,1,2,411,28.0,122449,87,1,3.0,1.0,0.0
9915,1390263,423,395,14,260,4,1,1,1,411,15.0,114076,40,1,1.0,1.0,0.0
7332,234244,375,334,12,480,4,1,1,1,411,28.0,628796,46,2,1.0,0.0,0.0
483,1376602,497,485,17,1480,4,1,1,1,411,28.0,164649,32,2,4.0,0.0,1.0
1320,1384181,459,454,16,1120,4,1,1,1,411,15.0,98050,56,1,3.0,1.0,1.0
11018,1407956,315,304,11,210,4,1,1,2,411,36.0,161930,20,1,1.0,0.0,0.0
9360,1397655,375,365,13,280,4,1,1,1,411,28.0,31825,22,2,1.0,1.0,0.0
7484,1396222,385,304,11,460,4,1,1,2,411,28.0,307627,32,1,2.0,1.0,1.0
7198,66770,367,365,13,490,4,1,1,1,411,18.0,113652,46,1,1.0,0.0,0.0
11755,1408129,314,304,11,170,4,1,1,2,411,8.0,128722,31,1,1.0,1.0,0.0
11545,1400377,358,334,12,180,4,1,1,1,411,28.0,57181,30,1,1.0,1.0,0.0
4091,1390167,424,395,14,740,4,1,1,1,411,15.0,163918,32,1,3.5,0.0,0.0
47,1385703,451,395,14,2230,4,1,1,1,411,48.0,113652,43,1,6.0,0.0,1.0
6440,1399009,367,365,13,550,4,1,1,1,411,8.0,115393,38,1,2.0,1.0,1.0
7298,1381663,472,454,16,480,4,1,1,1,411,28.0,89458,33,2,1.0,0.0,0.0
9573,1384934,456,454,16,280,4,1,1,1,411,46.0,78730,41,2,1.0,1.0,0.0
4191,1393520,401,395,14,730,4,1,1,1,411,28.0,91914,24,2,2.5,0.0,0.0
8059,1398074,373,334,12,400,4,1,1,1,411,28.0,43586,63,2,2.0,0.0,0.0
613,1383544,463,426,15,1400,4,1,1,1,411,41.0,350267,39,1,3.0,0.0,1.0
11628,973689,466,365,13,180,4,1,1,1,411,28.0,132999,43,1,1.0,1.0,0.0
8763,1387643,441,426,15,330,4,1,1,1,411,10.0,102636,40,2,1.0,1.0,0.0
7711,1390367,422,395,14,440,4,1,1,1,411,28.0,245548,53,2,1.0,1.0,0.0
4216,1399881,361,334,12,720,4,1,1,1,411,41.0,62759,32,1,2.0,1.0,1.0
11415,1377815,491,485,17,190,4,1,1,1,411,29.0,61707,62,1,1.0,1.0,0.0
7150,1396908,380,365,13,490,4,1,1,1,411,47.0,47215,62,1,1.0,1.0,0.0
6978,1401515,347,334,12,510,4,1,1,1,411,33.0,208625,69,2,1.0,0.0,0.0
11136,1406577,317,304,11,200,4,1,1,2,411,8.0,113652,37,2,1.0,0.0,0.0
245,1381746,472,454,16,1700,4,1,1,1,411,30.0,113652,29,2,5.0,1.0,1.0
2318,1381645,472,454,16,940,4,1,1,1,411,20.0,113652,37,1,2.0,1.0,1.0
3437,1374175,508,485,17,800,4,1,1,1,411,28.0,68340,39,1,3.0,0.0,0.0
10610,1409870,311,304,11,230,4,1,1,2,411,27.0,126745,63,1,1.0,1.0,0.0
11035,1394754,394,365,13,210,4,1,1,1,411,28.0,82781,28,2,0.0,0.0,0.0
7566,1403696,333,304,11,460,4,1,1,2,411,47.0,84497,58,2,1.0,1.0,1.0
10399,1399082,366,334,12,240,4,1,1,1,411,19.0,63658,48,2,2.0,1.0,0.0
9297,1378382,487,485,17,290,4,1,1,1,411,19.0,103704,36,2,1.0,1.0,0.0
5479,1397098,379,365,13,630,4,1,1,1,411,46.0,61620,39,2,3.0,0.0,0.0
9367,1394342,395,365,13,280,4,1,1,1,411,28.0,103197,41,1,1.0,1.0,0.0
2882,1418679,305,304,11,860,4,1,1,2,411,28.0,165006,28,1,3.0,0.0,0.0
379,1385118,455,426,15,1570,4,1,1,1,411,28.0,203577,26,2,4.0,0.0,1.0
4681,1401747,346,304,11,690,4,1,1,2,411,7.0,113652,36,1,2.0,1.0,1.0
839,1400645,354,334,12,1280,4,1,1,1,411,43.0,58488,28,1,4.0,0.0,1.0
7964,1399067,367,304,11,410,4,1,1,2,411,24.0,130173,80,1,2.0,1.0,0.0
11585,1401664,347,334,12,180,4,1,1,1,411,8.0,139581,39,2,1.5,1.0,0.0
6727,1407112,316,304,11,530,4,1,1,2,411,46.0,56394,21,2,2.0,1.0,1.0
3393,1396365,382,365,13,800,4,1,1,1,411,40.0,103113,24,1,2.0,0.0,1.0
5763,1405035,325,304,11,610,4,1,1,2,411,2.0,95205,37,1,2.0,1.0,1.0
4459,1389532,429,426,15,710,4,1,1,1,411,28.0,82794,50,1,2.0,1.0,0.0
2218,1396887,380,334,12,960,4,1,1,1,411,16.0,67490,27,1,2.5,0.0,1.0
8337,1389721,428,365,13,370,4,1,1,1,411,46.0,150456,41,2,1.0,1.0,0.0
396,1385661,451,426,15,1540,4,1,1,1,411,28.0,123479,40,2,4.0,0.0,1.0
3088,1378422,486,454,16,840,4,1,1,1,411,45.0,78175,62,2,3.0,0.0,0.0
6682,1418903,304,304,11,530,4,1,1,2,411,37.0,135034,20,1,2.0,1.0,1.0
1121,1400493,357,334,12,1160,4,1,1,1,411,28.0,37583,34,2,4.0,0.0,0.0
5945,1419192,304,304,11,590,4,1,1,2,411,8.0,113652,20,1,2.0,1.0,1.0
6258,1380316,478,426,15,570,4,1,1,1,411,28.0,171506,40,1,1.0,0.0,0.0
4102,1391415,414,395,14,740,4,1,1,1,411,8.0,152002,33,2,2.0,1.0,1.0
8812,1395138,389,334,12,320,4,1,1,1,411,28.0,65889,24,2,1.0,1.0,0.0
862,1376715,494,485,17,1270,4,1,1,1,411,15.0,104966,32,2,2.0,1.0,1.0
5372,1388690,434,426,15,640,4,1,1,1,411,28.0,90699,24,2,2.0,0.0,0.0
3599,1400874,353,334,12,780,4,1,1,1,411,28.0,58707,28,1,2.0,1.0,1.0
9553,1404035,331,304,11,280,4,1,1,2,411,30.0,45606,40,2,1.0,1.0,0.0
518,1385962,450,426,15,1460,4,1,1,1,411,8.0,187987,42,2,3.0,0.0,0.0
8242,1400544,357,334,12,380,4,1,1,1,411,28.0,99144,35,2,1.0,1.0,0.0
9214,1376333,498,485,17,290,4,1,1,1,411,28.0,334518,44,1,1.0,1.0,0.0
9838,1391873,410,395,14,260,4,1,1,1,411,28.0,202464,67,1,1.0,1.0,0.0
7021,1407704,315,304,11,510,4,1,1,2,411,48.0,113652,58,2,2.0,1.0,0.0
11439,1394118,396,365,13,190,4,1,1,1,411,47.0,57019,28,2,1.0,1.0,0.0
1701,1381675,472,454,16,1050,4,1,1,1,411,17.0,113652,45,1,2.0,1.0,1.0
11552,1394059,396,365,13,180,4,1,1,1,411,29.0,113652,25,2,1.0,0.0,0.0
11711,1405702,322,304,11,170,4,1,1,2,411,28.0,155125,35,1,1.0,1.0,0.0
10433,1402769,339,334,12,240,4,1,1,1,411,46.0,82674,55,1,1.0,1.0,0.0
1275,1377110,493,485,17,1130,4,1,1,1,411,17.0,83587,38,1,2.0,1.0,1.0
1744,1378915,484,454,16,1040,4,1,1,1,411,39.0,59345,31,2,3.0,1.0,1.0
1662,1377640,491,485,17,1060,4,1,1,1,411,30.0,64353,29,2,2.0,1.0,1.0
6515,1396124,385,365,13,550,4,1,1,1,411,46.0,41190,38,2,2.0,1.0,1.0
8019,1406642,316,304,11,410,4,1,1,2,411,8.0,295897,20,2,1.0,1.0,0.0
9416,1392096,409,365,13,280,4,1,1,1,411,28.0,61006,24,1,1.0,0.0,0.0
9053,1386984,444,426,14,300,4,1,1,1,411,15.0,113652,24,2,1.0,1.0,0.0
6508,1395272,389,365,13,550,4,1,1,1,411,12.0,113652,30,2,2.0,1.0,1.0
8012,1406939,316,304,11,410,4,1,1,2,411,35.0,175498,53,2,2.0,1.0,0.0
1617,1382432,469,454,16,1060,4,1,1,1,411,46.0,55319,47,1,2.0,1.0,1.0
6067,1410817,311,304,11,590,4,1,1,2,411,26.0,80845,46,2,2.0,1.0,1.0
4007,1375679,501,485,17,750,4,1,1,1,411,18.0,50928,26,2,1.0,1.0,1.0
7918,1400108,360,334,12,420,4,1,1,1,411,28.0,140045,29,1,1.0,1.0,0.0
10293,1387405,442,426,15,240,4,1,1,1,411,28.0,38781,70,2,0.0,0.0,0.0
2168,1380032,479,454,16,970,4,1,1,1,411,23.0,55541,36,1,2.0,1.0,1.0
3833,1381576,472,454,16,760,4,1,1,1,411,28.0,231353,65,2,1.0,0.0,0.0
8481,1402328,343,334,12,350,4,1,1,1,411,28.0,113652,34,1,1.0,0.0,0.0
14,1382878,466,454,16,2650,4,1,1,1,411,39.0,67573,42,2,5.0,0.0,1.0
9178,1395466,388,365,13,290,4,1,1,1,411,2.0,96403,34,2,2.0,1.0,0.0
5434,1403949,332,304,11,630,4,1,1,2,411,29.0,60590,30,2,2.0,1.0,1.0
9170,1376135,499,485,17,290,4,1,1,1,411,7.0,72127,31,1,1.0,1.0,0.0
487,1386673,445,426,15,1480,4,1,1,1,411,39.0,82481,37,1,4.0,0.0,1.0
10236,1381807,472,454,16,250,4,1,1,1,411,12.0,64214,51,2,1.0,1.0,0.0
7691,1391117,415,395,14,440,4,1,1,1,411,29.0,62926,32,1,1.0,1.0,0.0
10091,1397023,379,365,13,250,4,1,1,1,411,36.0,69772,42,1,1.0,1.0,0.0
8339,1398511,371,365,13,370,4,1,1,1,411,28.0,107967,31,2,1.0,1.0,0.0
5130,1401304,351,304,11,650,4,1,1,2,411,3.0,43785,29,2,2.0,1.0,1.0
3025,1398737,368,365,13,850,4,1,1,1,411,23.0,83210,20,2,2.0,1.0,1.0
11700,1375120,504,485,17,170,4,1,1,1,411,47.0,89787,84,2,1.0,1.0,0.0
668,1394910,393,365,13,1370,4,1,1,1,411,28.0,89359,27,2,5.0,0.0,1.0
6458,1377338,493,485,17,550,4,1,1,1,411,13.0,21596,32,1,1.0,0.0,0.0
9706,1388052,437,426,15,270,4,1,1,1,411,31.0,113652,27,2,1.0,1.0,0.0
11533,1378171,487,485,17,180,4,1,1,1,411,30.0,113652,38,2,0.0,0.0,0.0
8201,1408559,312,304,11,390,4,1,1,2,411,48.0,113652,43,1,2.0,0.0,0.0
2536,1382233,470,454,16,920,4,1,1,1,411,39.0,113652,28,2,2.0,1.0,1.0
3678,1401146,352,334,12,780,4,1,1,1,411,47.0,113009,48,2,2.0,1.0,1.0
1713,1382040,471,454,16,1050,4,1,1,1,411,8.0,133240,38,2,3.0,0.0,0.0
1851,1394023,396,365,13,1010,4,1,1,1,411,8.0,137765,92,1,3.0,1.0,1.0
11833,1375227,504,485,17,170,4,1,1,1,411,11.0,35102,26,1,1.0,1.0,0.0
4189,1398161,372,365,13,730,4,1,1,1,411,45.0,165456,32,2,2.0,1.0,1.0
2271,1385037,456,426,15,950,4,1,1,1,411,46.0,73618,37,2,3.0,1.0,1.0
10831,1376803,494,485,17,220,4,1,1,1,411,28.0,184701,30,1,1.0,0.0,0.0
3954,1401727,347,334,12,750,4,1,1,1,411,8.0,213701,35,1,3.0,0.0,0.0
9990,1398913,367,365,13,250,4,1,1,1,411,28.0,271548,75,1,1.0,1.0,0.0
7315,1399927,361,334,12,480,4,1,1,1,411,50.0,57326,39,2,1.5,1.0,0.5
5273,1421211,303,304,11,650,4,1,1,2,411,7.0,113652,39,2,2.0,1.0,1.0
2620,1390869,417,395,14,900,4,1,1,1,411,41.0,51412,53,1,2.0,1.0,1.0
3921,1400804,354,334,12,760,4,1,1,1,411,29.0,47666,40,2,2.5,1.0,0.5
6360,1401164,352,334,12,560,4,1,1,1,411,47.0,97332,61,2,2.0,1.0,0.0
10070,1397797,374,365,13,250,4,1,1,1,411,35.0,124127,27,1,1.0,1.0,0.0
3887,1382912,466,454,16,760,4,1,1,1,411,3.0,113652,67,2,2.0,1.0,1.0
7706,1393075,403,395,14,440,4,1,1,1,411,28.0,66610,23,2,1.0,0.0,0.0
9097,1401773,346,334,12,300,4,1,1,1,411,3.0,51321,53,1,1.0,1.0,0.0
9395,1378252,487,454,16,280,4,1,1,1,411,47.0,57090,41,2,1.0,1.0,0.0
10130,1380628,477,454,16,250,4,1,1,1,411,37.0,88549,45,2,1.0,1.0,0.0
3896,1417167,306,304,11,760,4,1,1,2,411,33.0,57036,59,1,2.0,1.0,1.0
4342,1382894,466,426,15,710,4,1,1,1,411,9.0,85912,24,2,3.0,0.0,0.0
1006,1385738,451,365,13,1200,4,1,1,1,411,13.0,62078,34,1,4.0,0.0,1.0
2473,1376644,497,485,17,920,4,1,1,1,411,35.0,100466,58,2,3.0,0.0,0.0
7764,1381804,472,454,16,430,4,1,1,1,411,35.0,173734,33,2,1.0,1.0,0.0
624,1374257,508,485,17,1390,4,1,1,1,411,18.0,126236,51,2,3.0,1.0,1.0
10198,1381271,473,454,13,250,4,1,1,1,411,18.0,62184,36,2,1.0,0.0,0.0
10657,1395770,387,365,13,230,4,1,1,1,411,28.0,65937,22,1,1.0,0.0,0.0
8546,1407224,316,304,11,350,4,1,1,2,411,28.0,148959,42,1,2.0,1.0,0.0
9859,1375114,504,485,17,260,4,1,1,1,411,8.0,113652,26,2,0.0,0.0,0.0
10988,1386445,448,426,15,210,4,1,1,1,411,28.0,37729,47,2,1.0,1.0,0.0
6429,1403628,333,304,11,550,4,1,1,2,411,50.0,51067,40,1,2.0,1.0,1.0
967,1375856,500,485,17,1210,4,1,1,1,411,28.0,62684,26,1,3.0,0.0,1.0
50,1384393,458,426,15,2230,4,1,1,1,411,8.0,94542,41,1,5.0,0.0,1.0
2960,1394575,394,365,13,850,4,1,1,1,411,11.0,47038,42,2,2.0,1.0,1.0
8877,1401049,352,304,11,320,4,1,1,2,411,8.0,126591,24,1,1.0,1.0,0.0
11331,1385959,450,426,15,190,4,1,1,1,411,48.0,113652,42,1,0.0,0.0,0.0
5579,1393872,398,395,14,620,4,1,1,1,411,41.0,122989,28,2,2.0,1.0,1.0
4115,1397277,378,365,13,730,4,1,1,1,411,28.0,78103,34,2,3.0,1.0,0.0
95,549722,451,426,15,1980,4,1,1,1,411,28.0,100154,40,2,3.0,1.0,1.0
7635,1387466,442,426,15,450,4,1,1,1,411,46.0,27221,34,1,1.0,1.0,0.0
2807,1388139,437,426,15,870,4,1,1,1,411,36.0,97905,49,2,2.0,1.0,1.0
11257,1391425,414,395,14,200,4,1,1,1,411,36.0,118218,39,2,1.0,1.0,0.0
5245,1403522,334,304,11,650,4,1,1,2,411,50.0,44741,31,2,2.0,1.0,1.0
11722,1375108,504,485,17,170,4,1,1,1,411,3.0,28290,38,2,1.0,1.0,0.0
424,1376326,498,485,17,1530,4,1,1,1,411,8.0,128584,39,1,4.0,0.0,1.0
1562,1384527,458,454,16,1060,4,1,1,1,411,41.0,16507,39,2,2.0,1.0,1.0
10317,1397476,375,365,13,240,4,1,1,1,411,28.0,388992,28,1,1.0,0.0,0.0
8218,1410943,311,304,11,380,4,1,1,2,411,28.0,99326,58,2,2.0,0.0,0.0
8971,1395672,387,365,13,310,4,1,1,1,411,35.0,44825,32,2,1.0,1.0,0.0
3745,1384423,458,426,15,770,4,1,1,1,411,29.0,76998,37,1,1.0,0.0,1.0
533,1385401,452,426,15,1450,4,1,1,1,411,11.0,38962,49,2,4.0,0.0,1.0
1421,1375536,501,485,17,1100,4,1,1,1,411,9.0,45319,37,1,3.0,1.0,0.0
744,1401149,352,334,12,1330,4,1,1,1,411,11.0,113652,38,2,4.0,0.0,1.0
218,1388165,437,426,15,1740,4,1,1,1,411,36.0,65519,26,1,4.0,0.0,1.0
214,1385789,451,426,15,1740,4,1,1,1,411,18.0,88634,60,1,4.0,0.0,1.0
1166,1396032,386,365,13,1150,4,1,1,1,411,35.0,113652,33,2,2.0,0.0,1.0
11798,1419864,304,304,11,170,4,1,1,2,411,47.0,60439,33,2,1.0,0.0,0.0
4457,1411585,310,304,11,710,4,1,1,2,411,11.0,41726,32,2,2.0,1.0,1.0
3800,1375432,501,485,17,770,4,1,1,1,411,45.0,113652,33,2,2.0,1.0,1.0
11083,1380354,478,454,16,210,4,1,1,1,411,28.0,111674,24,2,1.0,1.0,0.0
8699,1386614,445,426,15,330,4,1,1,1,411,47.0,77059,33,1,1.0,1.0,0.0
9286,1347591,309,304,11,290,4,1,1,2,411,28.0,96831,65,1,2.0,1.0,0.0
2088,1393284,402,395,14,980,4,1,1,1,411,46.0,80937,40,1,2.0,1.0,1.0
10830,1402165,344,334,12,220,4,1,1,1,411,35.0,94478,32,1,1.0,0.0,0.0
4812,1389268,430,426,15,680,4,1,1,1,411,38.0,149526,63,1,2.0,1.0,0.0
9476,1413889,308,304,11,280,4,1,1,2,411,4.0,78238,31,2,1.0,0.0,0.0
3116,1399695,361,334,12,840,4,1,1,1,411,28.0,88665,53,1,2.0,1.0,1.0
6375,1399477,364,334,12,560,4,1,1,1,411,9.0,93699,62,2,2.0,1.0,0.0
4201,1402316,343,334,12,720,4,1,1,1,411,8.0,90722,39,2,2.0,1.0,1.0
2288,1377786,491,485,17,940,4,1,1,1,411,48.0,113652,50,2,2.0,1.0,1.0
9391,1403169,337,304,11,280,4,1,1,2,411,28.0,144162,56,1,2.0,0.0,0.0
8724,1385823,451,426,15,330,4,1,1,1,411,40.0,59711,34,2,1.0,1.0,0.0
2417,1387631,441,426,15,930,4,1,1,1,411,35.0,55015,58,2,2.0,1.0,1.0
4609,1382850,466,454,16,700,4,1,1,1,411,3.0,73125,50,2,2.0,1.0,1.0
8523,1389455,429,426,15,350,4,1,1,1,411,28.0,482529,39,1,1.0,0.0,0.0
4053,1393633,400,395,14,740,4,1,1,1,411,23.0,49654,48,2,2.0,1.0,1.0
10530,1404700,326,304,11,230,4,1,1,2,411,45.0,116180,40,1,1.0,1.0,0.0
4984,1384120,459,426,15,670,4,1,1,1,411,28.0,113652,75,1,2.0,1.0,0.0
6245,1380026,479,395,14,570,4,1,1,1,411,29.0,73933,41,2,3.0,1.0,0.0
8992,1386364,448,426,15,310,4,1,1,1,411,50.0,87656,38,2,1.0,1.0,0.0
6703,1393285,402,365,13,530,4,1,1,1,411,28.0,60297,26,2,1.0,1.0,1.0
10403,1379699,480,454,16,240,4,1,1,1,411,8.0,135608,50,1,1.0,1.0,0.0
1669,1384911,456,426,15,1050,4,1,1,1,411,7.0,63623,37,2,2.0,1.0,1.0
11502,1388480,435,426,15,180,4,1,1,1,411,34.0,96433,38,2,0.0,0.0,0.0
8918,1388022,437,304,11,310,4,1,1,2,411,46.0,47245,30,1,1.0,1.0,0.0
357,1394394,395,365,13,1590,4,1,1,1,411,8.0,113652,40,1,5.0,1.0,1.0
6669,1395096,389,334,12,530,4,1,1,1,411,29.0,67714,38,1,1.5,1.0,0.5
11013,1393972,396,395,14,210,4,1,1,1,411,28.0,110210,37,1,2.0,1.0,0.0
3592,1399347,365,334,12,780,4,1,1,1,411,41.0,85127,39,2,2.0,1.0,1.0
9009,1390074,424,395,14,310,4,1,1,1,411,46.0,24819,32,2,1.0,1.0,0.0
8694,1382307,470,454,16,330,4,1,1,1,411,10.0,47785,41,2,1.0,1.0,0.0
2522,1378516,486,454,15,920,4,1,1,1,411,21.0,73543,29,2,3.0,0.0,0.0
10336,1388029,437,426,15,240,4,1,1,1,411,32.0,113652,45,2,2.0,1.0,0.0
3742,1413216,309,304,11,770,4,1,1,2,411,31.0,113652,58,2,2.0,1.0,1.0
2627,391068,478,454,16,900,4,1,1,1,411,28.0,69461,65,2,2.0,1.0,0.0
4880,1393652,400,395,14,670,4,1,1,1,411,15.0,98760,35,1,2.0,1.0,1.0
3704,1396383,382,365,13,780,4,1,1,1,411,28.0,68941,77,1,3.0,1.0,0.0
6298,1412726,309,304,11,570,4,1,1,2,411,35.0,95770,44,1,2.0,1.0,1.0
9507,1415809,307,304,11,280,4,1,1,2,411,28.0,196740,41,2,2.0,1.0,0.0
5219,1405588,322,304,11,650,4,1,1,2,411,14.0,41146,37,1,2.0,1.0,1.0
10201,1390381,422,395,14,250,4,1,1,1,411,38.0,231344,74,2,2.0,1.0,0.0
11683,1406185,318,304,11,170,4,1,1,2,411,16.0,105311,21,1,1.0,1.0,0.0
9589,852176,357,304,11,280,4,1,1,2,411,28.0,151079,47,1,1.0,0.0,0.0
7775,1396559,382,365,13,430,4,1,1,1,411,43.0,65528,40,1,1.0,1.0,0.0
2039,1381683,472,426,15,990,4,1,1,1,411,17.0,90423,65,1,2.0,1.0,1.0
6518,1412058,310,304,11,550,4,1,1,2,411,28.0,113652,55,1,3.0,0.0,0.0
11471,1402127,344,334,12,190,4,1,1,1,411,1.0,113652,37,1,1.0,0.0,0.0
6909,1387485,442,395,14,520,4,1,1,1,411,28.0,113348,4,2,1.0,0.0,0.0
3771,1394514,395,365,13,770,4,1,1,1,411,28.0,64513,45,2,2.0,1.0,1.0
4762,1402915,339,334,12,680,4,1,1,1,411,39.0,60509,30,2,3.0,0.0,0.0
7681,46374,319,304,11,440,4,1,1,2,411,28.0,52852,81,1,1.0,0.0,0.0
2119,1407270,316,304,11,980,4,1,1,2,411,28.0,132086,39,2,4.0,0.0,1.0
11393,1382690,466,454,16,190,4,1,1,1,411,28.0,110050,38,2,0.0,0.0,0.0
8159,631007,345,304,11,390,4,1,1,2,411,28.0,166307,46,1,1.0,1.0,0.0
6412,1409426,311,304,11,560,4,1,1,2,411,33.0,113652,57,2,3.0,1.0,0.0
8316,1396719,381,365,13,370,4,1,1,1,411,33.0,45560,59,2,1.0,1.0,0.0
6955,1383090,465,454,16,510,4,1,1,1,411,28.0,103158,41,1,1.0,1.0,0.0
5635,1398930,367,365,13,610,4,1,1,1,411,50.0,76426,40,2,2.0,1.0,0.0
1941,1379502,480,454,16,1000,4,1,1,1,411,19.0,84316,59,2,2.0,1.0,1.0
4397,823955,304,304,11,710,4,1,1,2,411,13.0,25074,45,2,2.0,1.0,1.0
1720,1382080,471,454,16,1050,4,1,1,1,411,21.0,54609,28,1,2.0,1.0,1.0
1864,1382695,466,454,16,1000,4,1,1,1,411,50.0,101951,39,1,2.0,1.0,1.0
6913,1403237,337,304,11,520,4,1,1,2,411,28.0,113652,49,2,1.0,0.0,0.0
7944,1404587,327,304,11,410,4,1,1,2,411,33.0,86863,46,1,1.0,1.0,0.0
5814,1384657,457,454,16,600,4,1,1,1,411,27.0,113652,29,1,1.0,0.0,0.0
8651,1401465,350,334,12,340,4,1,1,1,411,28.0,97494,54,2,0.0,0.0,0.0
7538,1380736,476,454,16,460,4,1,1,1,411,46.0,124372,63,1,1.0,1.0,0.0
10558,1386826,444,426,15,230,4,1,1,1,411,28.0,278884,38,1,1.0,0.0,0.0
2910,1385156,455,395,14,860,4,1,1,1,411,28.0,90964,32,2,2.0,1.0,1.0
3914,1401219,351,334,12,760,4,1,1,1,411,6.0,116430,31,1,3.0,1.0,0.0
11497,1379380,480,334,12,180,4,1,1,1,411,28.0,194236,25,1,1.0,1.0,0.0
3680,1249986,472,454,16,780,4,1,1,1,411,28.0,147713,31,2,1.0,0.0,0.0
9886,1381820,472,454,16,260,4,1,1,1,411,10.0,67405,38,2,2.0,1.0,0.0
5180,1402023,345,334,12,650,4,1,1,1,411,3.0,107427,35,2,3.0,0.0,0.0
6897,1243391,411,395,14,520,4,1,1,1,411,28.0,113652,42,1,1.0,0.0,0.0
9544,1380221,478,454,16,280,4,1,1,1,411,28.0,140471,43,1,1.0,1.0,0.0
3889,1384647,457,454,16,760,4,1,1,1,411,39.0,113652,58,1,2.0,1.0,0.0
1139,1403329,336,304,11,1160,4,1,1,2,411,28.0,92394,50,2,4.0,0.0,1.0
2124,1385715,451,426,15,980,4,1,1,1,411,24.0,139083,29,2,2.0,1.0,0.0
4574,1405575,323,304,11,700,4,1,1,2,411,4.0,113652,39,2,3.0,0.0,0.0
8278,1388328,436,426,15,380,4,1,1,1,411,30.0,13320,24,1,1.0,1.0,0.0
8034,1383966,459,454,16,410,4,1,1,1,411,46.0,44283,57,2,1.0,1.0,0.0
9965,1389684,428,395,14,260,4,1,1,1,411,3.0,109119,36,1,1.0,1.0,0.0
107,1374284,508,485,17,1950,4,1,1,1,411,45.0,55707,43,2,4.0,1.0,1.0
7865,1406521,317,304,11,420,4,1,1,2,411,3.0,50495,69,1,2.0,1.0,0.0
4600,1391821,410,395,14,700,4,1,1,1,411,28.0,141956,25,1,2.0,1.0,0.0
9744,1375509,501,485,17,270,4,1,1,1,411,35.0,73099,38,2,1.0,0.0,0.0
8452,1374505,506,426,15,360,4,1,1,1,411,8.0,113652,54,2,1.0,1.0,0.0
6498,160914,316,304,11,550,4,1,1,2,411,28.0,166184,77,1,2.0,1.0,0.0
10689,1393188,403,395,14,230,4,1,1,1,411,28.0,293564,81,1,1.0,0.0,0.0
1039,1380967,476,454,16,1190,4,1,1,1,411,2.0,38240,30,2,3.0,0.0,0.5
217,1388674,434,426,15,1740,4,1,1,1,411,47.0,199009,53,2,5.0,0.0,1.0
7466,1381961,471,454,16,460,4,1,1,1,411,35.0,113652,20,1,1.0,1.0,0.0
10670,1419176,304,304,11,230,4,1,1,2,411,50.0,113652,20,1,1.0,1.0,0.0
7995,1374514,506,485,17,410,4,1,1,1,411,14.0,113652,35,2,1.0,1.0,0.0
4537,1408495,312,304,11,710,4,1,1,2,411,3.0,113980,39,2,2.0,1.0,1.0
4551,1405090,324,304,11,710,4,1,1,2,411,47.0,92946,48,2,3.0,1.0,0.0
510,1385849,451,426,15,1460,4,1,1,1,411,39.0,93986,40,2,4.0,0.0,1.0
1953,1384347,458,454,16,1000,4,1,1,1,411,41.0,50799,35,2,2.0,1.0,1.0
8187,1377121,493,454,16,390,4,1,1,1,411,17.0,83587,48,2,1.0,1.0,0.0
1430,1379298,483,454,16,1090,4,1,1,1,411,50.0,63455,36,1,2.0,1.0,1.0
573,1389493,429,395,14,1420,4,1,1,1,411,45.0,55338,66,2,4.0,0.0,1.0
2709,1399726,361,334,12,890,4,1,1,1,411,28.0,40848,52,2,1.5,0.0,0.5
39,1379239,483,454,16,2320,4,1,1,1,411,28.0,105121,27,2,5.0,0.0,1.0
6438,1398642,368,365,13,550,4,1,1,1,411,17.0,92374,64,1,2.0,1.0,1.0
9314,1378705,485,454,16,290,4,1,1,1,411,28.0,204666,54,1,2.0,1.0,0.0
3963,1385871,451,426,15,750,4,1,1,1,411,18.0,54045,44,2,2.0,1.0,1.0
1747,1387547,441,426,15,1040,4,1,1,1,411,16.0,113652,44,2,2.0,0.0,1.0
7932,1403587,333,334,12,410,4,1,1,1,411,28.0,239195,50,1,2.0,0.0,0.0
5125,1404948,325,304,11,650,4,1,1,2,411,28.0,126561,41,1,2.0,1.0,1.0
7523,1382124,471,454,16,460,4,1,1,1,411,15.0,88987,32,2,1.0,1.0,0.0
2351,1414939,308,304,11,930,4,1,1,2,411,46.0,163382,46,2,4.0,0.0,1.0
6730,1419103,304,304,11,530,4,1,1,2,411,2.0,113652,20,1,2.0,1.0,1.0
7826,1405812,320,304,11,430,4,1,1,2,411,29.0,91814,68,1,2.0,1.0,0.0
6244,1401982,345,334,12,570,4,1,1,1,411,46.0,47550,51,1,3.0,0.0,0.0
8845,1392182,409,395,14,320,4,1,1,1,411,3.0,27284,37,2,1.0,1.0,0.0
4740,1378482,486,485,17,690,4,1,1,1,411,28.0,80956,20,2,3.0,0.0,0.0
346,1380299,478,454,16,1600,4,1,1,1,411,18.0,107378,33,2,4.0,0.0,1.0
9844,1421138,303,304,11,260,4,1,1,2,411,28.0,125081,44,2,1.0,1.0,0.0
2034,1385440,452,426,15,990,4,1,1,1,411,28.0,83997,28,1,2.0,1.0,1.0
8639,1420798,303,304,11,340,4,1,1,2,411,51.0,1684059,59,2,1.0,1.0,0.0
8236,1394240,396,395,14,380,4,1,1,1,411,38.0,48418,64,1,1.0,1.0,0.0
2447,1401703,347,334,12,920,4,1,1,1,411,28.0,433252,90,1,3.0,0.0,1.0
9260,1378615,486,485,17,290,4,1,1,1,411,28.0,176352,64,2,1.0,1.0,0.0
2210,1391607,413,395,14,960,4,1,1,1,411,39.0,80367,33,2,2.0,0.0,0.0
3079,1396502,382,365,13,850,4,1,1,1,411,28.0,94562,35,2,2.0,1.0,1.0
3288,1376402,498,485,17,810,4,1,1,1,411,28.0,125199,41,1,2.0,1.0,0.0
11238,1391481,414,395,14,200,4,1,1,1,411,23.0,113652,31,2,1.0,1.0,0.0
8171,1385709,451,426,15,390,4,1,1,1,411,23.0,34161,30,2,1.0,1.0,0.0
10477,1380865,476,454,16,230,4,1,1,1,411,50.0,191387,38,1,0.0,0.0,0.0
1453,1379308,483,454,16,1090,4,1,1,1,411,41.0,118970,32,1,2.0,0.0,1.0
7444,1397646,375,365,13,470,4,1,1,1,411,28.0,36077,42,2,1.0,1.0,0.0
8598,1384182,459,454,16,340,4,1,1,1,411,18.0,113652,64,2,2.0,1.0,0.0
4934,1401295,351,334,12,670,4,1,1,1,411,10.0,34664,39,1,3.0,0.0,0.0
7884,1397938,373,334,12,420,4,1,1,1,411,28.0,220649,75,1,1.0,1.0,0.0
2688,1377780,491,485,17,890,4,1,1,1,411,50.0,273773,51,2,2.0,1.0,1.0
7456,1399206,366,304,11,460,4,1,1,2,411,47.0,66143,33,2,1.0,0.0,1.0
4365,1404716,326,304,11,710,4,1,1,2,411,8.0,55740,43,2,2.0,1.0,1.0
177,1382618,466,454,16,1780,4,1,1,1,411,28.0,137170,52,2,3.0,1.0,1.0
3585,1397433,375,334,12,780,4,1,1,1,411,30.0,53785,34,2,2.0,1.0,1.0
8240,1389796,427,395,14,380,4,1,1,1,411,35.0,113652,37,2,1.0,1.0,0.0
3649,1402540,340,334,12,780,4,1,1,1,411,28.0,186249,21,2,2.0,1.0,1.0
8525,1405361,323,304,11,350,4,1,1,2,411,46.0,33743,28,2,1.0,1.0,0.0
8064,1391510,414,395,14,400,4,1,1,1,411,47.0,186288,54,1,1.0,0.0,0.0
3487,1398309,372,365,13,790,4,1,1,1,411,8.0,122216,36,2,2.0,1.0,1.0
3621,1400949,353,334,12,780,4,1,1,1,411,33.0,95499,37,2,2.0,1.0,1.0
7716,1392424,408,395,14,440,4,1,1,1,411,2.0,113652,28,1,1.0,1.0,0.0
457,1386946,444,426,15,1510,4,1,1,1,411,8.0,113652,42,2,4.0,0.0,1.0
10069,1398220,372,365,13,250,4,1,1,1,411,3.0,48783,21,1,1.0,1.0,0.0
9754,1386654,445,426,15,270,4,1,1,1,411,28.0,117579,52,2,1.0,1.0,0.0
10939,1401118,352,334,12,210,4,1,1,1,411,28.0,18428,32,2,1.0,1.0,0.0
9840,1388891,431,426,15,260,4,1,1,1,411,28.0,51778,52,2,2.0,1.0,0.0
6380,1403040,338,334,12,560,4,1,1,1,411,8.0,94567,59,2,2.0,1.0,0.0
6750,1409212,312,304,11,530,4,1,1,2,411,23.0,101454,32,2,2.0,1.0,1.0
4629,1421215,303,304,11,700,4,1,1,2,411,28.0,271586,38,1,2.0,1.0,1.0
5613,1390878,417,395,14,620,4,1,1,1,411,8.0,41260,29,2,2.0,1.0,1.0
3297,1386356,448,426,15,810,4,1,1,1,411,28.0,122884,49,2,2.0,1.0,1.0
9396,1381932,471,454,16,280,4,1,1,1,411,36.0,100894,47,1,1.0,1.0,0.0
6338,1237874,374,334,12,560,4,1,1,1,411,28.0,113652,46,2,2.0,1.0,0.0
4094,1374341,508,485,15,740,4,1,1,1,411,28.0,118969,28,2,2.0,1.0,1.0
8916,1398278,372,365,13,310,4,1,1,1,411,35.0,73344,40,2,1.0,1.0,0.0
9418,1379510,480,454,16,280,4,1,1,1,411,28.0,118293,41,2,1.0,1.0,0.0
1491,1382241,470,454,16,1070,4,1,1,1,411,3.0,113652,28,2,2.0,0.0,1.0
2614,1393371,402,395,14,900,4,1,1,1,411,26.0,113652,47,1,3.0,1.0,1.0
11679,1387714,438,334,12,180,4,1,1,1,411,29.0,82513,28,1,1.0,1.0,0.0
5046,1394898,393,365,13,660,4,1,1,1,411,14.0,140897,32,1,3.0,1.0,0.0
10877,1377551,492,485,17,220,4,1,1,1,411,10.0,48967,32,1,1.0,1.0,0.0
7148,1397649,375,365,13,490,4,1,1,1,411,28.0,212803,42,2,1.0,0.0,0.0
303,1378260,487,454,16,1640,4,1,1,1,411,21.0,113652,28,2,4.0,0.0,1.0
9954,1406381,318,304,11,260,4,1,1,2,411,1.0,113652,38,1,2.0,1.0,0.0
9115,1407455,315,304,11,300,4,1,1,2,411,28.0,217468,42,2,2.0,1.0,0.0
8083,1420516,303,304,11,400,4,1,1,2,411,23.0,50210,27,2,3.0,0.0,0.0
11147,1390067,424,395,14,200,4,1,1,1,411,50.0,58326,33,1,1.0,1.0,0.0
11865,1414322,308,304,11,170,4,1,1,2,411,50.0,106595,20,2,1.0,1.0,0.0
210,1393215,402,395,14,1740,4,1,1,1,411,28.0,84851,30,2,5.0,0.0,1.0
1839,1393584,401,395,14,1010,4,1,1,1,411,3.0,86953,68,2,2.0,0.0,1.0
5459,1391710,413,395,14,630,4,1,1,1,411,46.0,140254,33,2,2.0,1.0,0.0
651,1389171,430,426,15,1380,4,1,1,1,411,2.0,98609,36,2,4.0,0.0,1.0
3755,1374927,505,485,17,770,4,1,1,1,411,28.0,74286,39,1,2.0,1.0,1.0
9747,1390537,421,365,13,270,4,1,1,1,411,45.0,87829,58,2,1.0,1.0,0.0
10060,274360,484,454,16,250,4,1,1,1,411,23.0,36627,79,2,1.0,0.0,0.0
5863,1400824,354,334,12,600,4,1,1,1,411,35.0,92145,55,1,2.0,1.0,0.0
2108,1401767,346,334,12,980,4,1,1,1,411,28.0,148935,30,2,4.0,1.0,1.0
850,1406033,319,304,11,1270,4,1,1,2,411,43.0,75965,33,2,3.0,1.0,1.0
10669,1419903,304,304,11,230,4,1,1,2,411,28.0,239187,71,2,1.0,1.0,0.0
5061,1405680,315,304,11,660,4,1,1,2,411,3.0,40476,39,1,2.0,1.0,1.0
11028,1390323,423,395,14,210,4,1,1,1,411,8.0,156201,47,1,1.0,0.0,0.0
4541,1379284,483,454,16,710,4,1,1,1,411,8.0,52395,30,2,3.0,0.0,0.0
7018,1410868,311,304,11,510,4,1,1,2,411,11.0,130829,39,1,2.0,1.0,1.0
11891,1405632,322,304,11,170,4,1,1,2,411,41.0,114676,37,1,1.0,1.0,0.0
1351,1374334,508,485,17,1120,4,1,1,1,411,3.0,74655,44,2,2.0,1.0,1.0
9089,1415252,307,304,11,300,4,1,1,2,411,8.0,257482,43,2,2.0,1.0,0.0
10244,1386259,449,426,15,250,4,1,1,1,411,28.0,47665,34,2,1.0,1.0,0.0
5042,1392363,408,395,14,660,4,1,1,1,411,28.0,153075,57,2,2.0,1.0,0.0
3263,1382025,471,454,16,820,4,1,1,1,411,28.0,139500,46,2,2.0,1.0,1.0
1413,1393295,402,395,14,1100,4,1,1,1,411,48.0,113652,48,2,3.0,1.0,1.0
3126,1374907,505,485,17,840,4,1,1,1,411,43.0,135447,36,2,2.0,1.0,0.0
8309,1391288,415,395,14,370,4,1,1,1,411,46.0,113652,46,2,1.0,1.0,0.0
398,1378424,486,485,17,1540,4,1,1,1,411,28.0,113652,39,2,2.0,1.0,1.0
5709,1397932,373,365,13,610,4,1,1,1,411,28.0,78252,51,2,2.0,1.0,0.0
4308,1380911,476,454,16,720,4,1,1,1,411,16.0,138685,43,2,2.0,1.0,0.0
321,1392118,409,395,14,1620,4,1,1,1,411,46.0,34042,45,2,5.0,1.0,1.0
4415,1377015,494,485,17,710,4,1,1,1,411,14.0,74686,31,2,2.0,1.0,1.0
1766,1406702,316,304,11,1030,4,1,1,2,411,20.0,113652,41,1,3.0,1.0,1.0
4111,1381131,473,454,16,730,4,1,1,1,411,18.0,115137,53,1,3.0,1.0,0.0
4963,1405522,323,304,11,670,4,1,1,2,411,35.0,86229,37,2,3.0,0.0,0.0
6632,1401392,350,304,11,530,4,1,1,2,411,28.0,73809,45,1,2.0,1.0,1.0
10732,1382876,466,454,16,220,4,1,1,1,411,8.0,78995,42,2,1.0,1.0,0.0
11548,1381485,473,454,16,180,4,1,1,1,411,28.0,545914,61,2,1.0,1.0,0.0
6333,1390889,395,395,14,560,4,1,1,1,411,27.0,111889,40,2,1.0,0.0,0.0
7808,1379688,480,454,16,430,4,1,1,1,411,47.0,146372,39,2,1.0,1.0,0.0
5425,1417192,306,304,11,640,4,1,1,2,411,10.0,61516,32,2,2.0,1.0,1.0
7305,1369353,346,334,12,480,4,1,1,1,411,28.0,93516,38,2,1.0,0.0,0.0
3873,1398698,368,365,13,760,4,1,1,1,411,28.0,76073,33,2,1.0,1.0,0.0
10497,1404870,325,304,11,230,4,1,1,2,411,47.0,76566,55,2,1.0,1.0,0.0
749,1384899,456,426,15,1320,4,1,1,1,411,36.0,161472,44,1,4.0,1.0,1.0
2214,1393219,402,395,14,960,4,1,1,1,411,6.0,129424,32,2,2.0,1.0,1.0
11222,1411311,310,304,11,200,4,1,1,2,411,1.0,113652,40,2,1.0,1.0,0.0
9359,1379814,479,454,16,280,4,1,1,1,411,39.0,87789,48,1,1.0,1.0,0.0
2144,1395961,386,365,13,980,4,1,1,1,411,28.0,121698,45,1,3.0,1.0,1.0
5888,1398061,373,334,12,600,4,1,1,1,411,8.0,106569,62,1,2.0,1.0,0.0
3852,1400738,354,334,12,760,4,1,1,1,411,7.0,72835,31,1,2.0,0.5,1.0
7637,1381757,472,454,16,450,4,1,1,1,411,28.0,124124,28,1,1.0,1.0,0.0
8134,1387180,443,426,15,390,4,1,1,1,411,45.0,36225,32,1,1.0,1.0,0.0
473,1395164,389,365,13,1490,4,1,1,1,411,18.0,49889,72,1,3.0,0.0,1.0
1934,1380067,479,426,13,1000,4,1,1,1,411,28.0,113652,36,1,2.0,0.0,1.0
7067,1389882,427,395,14,500,4,1,1,1,411,15.0,47205,42,1,2.0,1.0,0.0
4706,1386134,449,426,15,690,4,1,1,1,411,11.0,113652,28,2,2.0,1.0,1.0
4929,1377464,492,485,17,670,4,1,1,1,411,50.0,81673,26,1,1.0,1.0,1.0
5688,1403182,337,334,12,610,4,1,1,1,411,28.0,198458,26,1,1.0,1.0,1.0
4860,1385312,452,426,15,680,4,1,1,1,411,28.0,200201,25,1,2.0,0.0,0.0
11516,1397940,373,334,12,180,4,1,1,1,411,6.0,398870,72,1,1.5,1.0,0.0
6145,1377409,492,454,16,580,4,1,1,1,411,11.0,97841,36,2,1.0,0.0,0.0
4100,1389545,429,426,15,740,4,1,1,1,411,38.0,52231,39,1,3.0,1.0,0.0
2901,1388605,434,395,14,860,4,1,1,1,411,14.0,48862,20,1,2.0,1.0,1.0
7271,522331,360,334,12,480,4,1,1,1,411,28.0,85792,53,2,1.0,0.0,0.0
10452,1407861,315,304,11,240,4,1,1,2,411,50.0,105431,37,1,1.0,0.0,0.0
10442,1390134,424,395,14,240,4,1,1,1,411,28.0,89521,33,2,0.5,0.0,0.0
970,1378152,487,454,16,1210,4,1,1,1,411,41.0,79654,21,2,3.5,0.0,1.0
251,1379175,483,454,16,1690,4,1,1,1,411,3.0,26147,32,2,4.0,0.0,1.0
5771,1397124,379,365,13,610,4,1,1,1,411,28.0,130121,49,2,2.0,1.0,0.0
7438,1406245,318,304,11,470,4,1,1,2,411,28.0,431561,32,2,2.0,1.0,1.0
2036,1385502,452,426,15,990,4,1,1,1,411,24.0,102404,29,2,2.0,1.0,1.0
8111,1414295,308,304,11,400,4,1,1,2,411,20.0,113652,52,1,1.0,1.0,0.0
1978,1387898,438,426,15,990,4,1,1,1,411,28.0,112976,53,2,2.0,1.0,1.0
11364,1393292,402,395,14,190,4,1,1,1,411,28.0,215252,20,1,1.0,1.0,0.0
7349,1378124,487,485,17,470,4,1,1,1,411,28.0,58259,34,1,1.0,1.0,0.0
932,1395132,389,365,13,1230,4,1,1,1,411,45.0,113652,42,1,5.0,0.0,0.0
1825,1376676,497,485,17,1010,4,1,1,1,411,8.0,247015,49,1,2.0,1.0,0.0
4950,1341094,389,365,13,670,4,1,1,1,411,41.0,83898,67,1,2.0,1.0,1.0
2615,1377945,490,485,17,900,4,1,1,1,411,28.0,101866,82,1,2.0,1.0,0.0
10759,1376443,498,454,16,220,4,1,1,1,411,33.0,113652,28,1,1.0,1.0,0.0
8328,1398171,372,365,13,370,4,1,1,1,411,46.0,60377,41,1,1.0,1.0,0.0
4385,1406663,316,304,11,710,4,1,1,2,411,46.0,64836,47,2,2.0,1.0,1.0
9304,1404027,331,304,11,290,4,1,1,2,411,28.0,92652,31,2,1.0,1.0,0.0
1277,1376386,498,485,17,1130,4,1,1,1,411,22.0,113652,27,2,2.0,1.0,1.0
3752,1400634,354,304,11,770,4,1,1,2,411,28.0,86781,48,1,2.0,1.0,1.0
5943,1379093,484,454,16,590,4,1,1,1,411,47.0,92430,31,1,1.0,1.0,0.0
6148,325341,375,365,13,580,4,1,1,1,411,28.0,134922,73,1,2.0,0.0,0.0
7307,1400203,359,334,12,480,4,1,1,1,411,46.0,113652,48,2,1.5,1.0,0.5
7439,1402335,343,334,12,470,4,1,1,1,411,8.0,42684,42,1,1.0,1.0,0.0
11811,1378425,486,485,17,170,4,1,1,1,411,28.0,82063,37,1,1.0,1.0,0.0
9517,1407587,315,304,11,280,4,1,1,2,411,48.0,113652,32,2,1.0,1.0,0.0
7337,1388286,436,426,15,470,4,1,1,1,411,28.0,113652,53,1,2.0,0.0,0.0
914,1374695,506,485,17,1240,4,1,1,1,411,18.0,96885,43,2,2.0,1.0,1.0
1683,1385832,451,426,15,1050,4,1,1,1,411,28.0,158122,40,2,2.0,1.0,1.0
1457,1380820,476,454,16,1090,4,1,1,1,411,28.0,193541,34,2,2.0,1.0,0.0
7143,1399388,365,365,13,490,4,1,1,1,411,9.0,113349,44,2,2.0,0.0,0.0
5098,1391287,415,395,14,660,4,1,1,1,411,39.0,113652,32,2,1.5,1.0,0.0
2069,1376318,498,485,17,990,4,1,1,1,411,29.0,52709,28,2,3.0,0.0,0.0
4439,1389244,430,395,14,710,4,1,1,1,411,10.0,38693,32,2,2.0,1.0,0.5
10061,1397237,378,365,13,250,4,1,1,1,411,36.0,113652,38,1,1.0,1.0,0.0
11110,1385875,451,426,15,210,4,1,1,1,411,15.0,36830,34,2,1.0,1.0,0.0
7917,1405309,324,304,11,420,4,1,1,2,411,41.0,23841,29,2,1.0,1.0,1.0
2444,1391101,415,395,14,920,4,1,1,1,411,8.0,113652,40,1,2.0,1.0,1.0
9239,1377442,492,485,17,290,4,1,1,1,411,19.0,75494,73,1,1.0,0.0,0.0
9870,1379432,480,454,16,260,4,1,1,1,411,28.0,83683,37,2,2.0,1.0,0.0
11862,1414636,308,304,11,170,4,1,1,2,411,27.0,32390,20,1,1.0,1.0,0.0
7092,1395777,387,365,13,500,4,1,1,1,411,29.0,118376,35,2,1.0,0.0,0.0
7976,1418859,304,304,11,410,4,1,1,2,411,8.0,63892,21,1,1.0,1.0,0.0
8376,1405100,324,304,11,370,4,1,1,2,411,11.0,125263,36,2,2.0,0.0,0.0
9641,1401722,347,334,12,270,4,1,1,1,411,28.0,199938,35,1,1.0,1.0,0.0
248,1382112,471,454,16,1700,4,1,1,1,411,9.0,54736,36,1,4.0,0.0,1.0
10311,1400581,357,304,11,240,4,1,1,2,411,3.0,113652,28,2,1.0,0.0,0.0
3881,1417022,307,304,11,760,4,1,1,2,411,28.0,130790,23,1,3.0,1.0,1.0
7615,1388752,434,426,15,450,4,1,1,1,411,23.0,43865,35,1,1.0,0.0,0.0
4262,883425,445,334,12,720,4,1,1,1,411,28.0,139485,56,1,1.0,0.0,0.0
8055,1391447,414,395,14,400,4,1,1,1,411,28.0,76492,28,2,2.0,1.0,0.0
9861,1376985,494,304,11,260,4,1,1,2,411,28.0,101322,40,1,1.0,1.0,0.0
562,1377579,492,485,17,1430,4,1,1,1,411,15.0,113652,34,2,4.0,0.0,1.0
2507,1387014,444,426,15,920,4,1,1,1,411,28.0,131619,44,2,2.0,1.0,1.0
1718,1383491,463,426,15,1050,4,1,1,1,411,15.0,82343,31,1,2.0,1.0,1.0
812,1398270,372,365,13,1290,4,1,1,1,411,3.0,33730,30,1,4.0,0.0,1.0
8517,1389210,430,426,15,350,4,1,1,1,411,21.0,113652,38,1,1.0,0.0,0.0
6836,167869,389,365,13,520,4,1,1,1,411,28.0,150285,64,1,1.0,0.0,0.0
9974,1387814,438,395,14,260,4,1,1,1,411,9.0,106042,37,2,1.0,0.5,0.0
5365,1384868,456,454,16,640,4,1,1,1,411,29.0,47213,47,2,2.0,0.0,0.0
6810,1407267,316,304,11,520,4,1,1,2,411,38.0,60491,33,1,3.0,0.0,0.0
11336,1394966,393,365,13,190,4,1,1,1,411,28.0,101216,50,2,1.0,1.0,0.0
2586,1390925,416,395,14,910,4,1,1,1,411,25.0,39883,28,2,2.0,1.0,1.0
811,1395491,388,365,13,1290,4,1,1,1,411,28.0,113652,30,1,4.0,0.0,1.0
856,1378625,486,485,17,1270,4,1,1,1,411,28.0,99266,36,1,2.0,0.0,1.0
2589,1394758,394,365,13,910,4,1,1,1,411,28.0,109566,34,1,2.0,1.0,1.0
10940,1400156,360,304,11,210,4,1,1,2,411,37.0,113652,28,2,1.0,0.0,0.0
3003,1397767,374,365,13,850,4,1,1,1,411,28.0,98176,30,2,2.0,1.0,1.0
3746,1379057,484,485,17,770,4,1,1,1,411,36.0,113652,32,1,2.0,1.0,0.0
4520,1414772,308,304,11,710,4,1,1,2,411,50.0,127671,61,2,2.0,1.0,1.0
592,1388676,434,426,15,1410,4,1,1,1,411,30.0,85549,36,1,3.0,0.0,1.0
2943,1419723,304,304,11,850,4,1,1,2,411,28.0,76073,45,1,3.0,0.0,0.0
908,1387570,441,426,15,1240,4,1,1,1,411,28.0,292783,29,2,3.0,0.0,0.0
3912,1380367,478,454,16,760,4,1,1,1,411,2.0,78179,57,1,2.0,1.0,1.0
1512,1392680,407,395,14,1070,4,1,1,1,411,15.0,30770,32,2,2.0,0.0,1.0
11903,1401449,350,304,11,170,4,1,1,2,411,37.0,47390,40,2,1.0,1.0,0.0
180,1394476,395,395,14,1780,4,1,1,1,411,48.0,113652,31,1,5.0,1.0,1.0
3635,1403152,337,334,12,780,4,1,1,1,411,41.0,59283,37,1,2.0,1.0,1.0
4113,1394505,395,365,13,730,4,1,1,1,411,15.0,55444,36,2,2.0,1.0,1.0
6117,1396798,381,365,13,580,4,1,1,1,411,8.0,113652,30,2,1.0,0.0,0.0
10905,1386346,448,426,15,210,4,1,1,1,411,28.0,264763,36,2,1.0,1.0,0.0
2692,1397077,379,334,12,890,4,1,1,1,411,28.0,153820,30,1,2.0,1.0,1.0
33,1376920,494,485,17,2370,4,1,1,1,411,36.0,132434,37,2,5.0,1.0,1.0
3219,1381599,472,454,16,820,4,1,1,1,411,30.0,62372,24,2,2.0,1.0,1.0
6462,1406368,318,304,11,550,4,1,1,2,411,28.0,113652,48,1,2.0,1.0,0.0
8995,1245634,340,304,11,310,4,1,1,2,411,28.0,396959,44,2,1.0,0.0,0.0
8454,1400241,359,334,12,360,4,1,1,1,411,35.0,49875,30,2,1.0,1.0,0.0
1188,1379197,483,454,16,1140,4,1,1,1,411,39.0,113652,31,2,2.0,0.0,1.0
10771,1397633,375,365,13,220,4,1,1,1,411,28.0,160010,59,1,1.0,0.0,0.0
11737,1378638,486,485,17,170,4,1,1,1,411,3.0,57450,32,2,1.0,1.0,0.0
5272,1393630,400,395,14,650,4,1,1,1,411,28.0,102462,36,2,2.0,1.0,0.0
5969,1404525,328,304,11,590,4,1,1,2,411,38.0,59404,40,1,2.0,1.0,1.0
8268,1380118,479,454,16,380,4,1,1,1,411,28.0,179184,49,1,1.0,0.0,0.0
11074,588316,311,304,11,210,4,1,1,2,411,29.0,182622,40,1,1.0,1.0,0.0
2993,1385756,451,426,15,850,4,1,1,1,411,28.0,46783,38,1,2.0,1.0,1.0
5538,1398695,368,304,11,620,4,1,1,2,411,41.0,140645,36,2,2.0,1.0,1.0
7781,1406558,317,304,11,430,4,1,1,2,411,28.0,81283,31,2,1.0,1.0,0.0
8274,1381096,473,454,16,380,4,1,1,1,411,28.0,110976,53,2,1.0,1.0,0.0
8243,1376014,499,454,16,380,4,1,1,1,411,46.0,113513,65,1,1.0,0.0,0.0
8247,1382808,466,395,14,380,4,1,1,1,411,28.0,90092,38,1,1.0,1.0,0.0
3613,1380902,476,454,16,780,4,1,1,1,411,28.0,114802,86,2,2.0,1.0,0.0
7608,1381141,473,454,16,450,4,1,1,1,411,17.0,113652,44,2,1.0,1.0,0.0
8846,1409172,312,304,11,320,4,1,1,2,411,28.0,64427,74,2,1.0,0.0,0.0
1732,1134202,416,395,14,1040,4,1,1,1,411,33.0,127354,48,1,3.5,1.0,1.0
10318,1388372,436,426,15,240,4,1,1,1,411,8.0,123602,57,2,1.0,1.0,0.0
1923,1380268,478,454,16,1000,4,1,1,1,411,28.0,91110,36,2,2.0,1.0,1.0
8969,1398414,371,365,13,310,4,1,1,1,411,28.0,252028,39,2,1.0,1.0,0.0
2816,1389919,424,426,15,870,4,1,1,1,411,28.0,232773,32,1,2.0,1.0,0.0
1383,1382560,469,454,16,1110,4,1,1,1,411,26.0,100513,29,2,2.0,1.0,1.0
1964,1387983,438,426,15,990,4,1,1,1,411,28.0,113652,43,1,2.0,1.0,1.0
5344,1394909,393,365,13,640,4,1,1,1,411,48.0,113652,33,2,2.0,1.0,1.0
5349,1381184,473,454,16,640,4,1,1,1,411,6.0,71458,74,2,1.0,0.0,0.0
10481,1380116,479,454,16,230,4,1,1,1,411,48.0,113652,62,1,1.0,0.0,0.0
7692,1376201,499,304,11,440,4,1,1,2,411,3.0,70059,41,2,2.0,1.0,1.0
9349,1399160,366,365,13,290,4,1,1,1,411,46.0,48065,25,1,2.0,1.0,0.0
9436,1382456,469,454,16,280,4,1,1,1,411,24.0,95733,36,2,1.0,1.0,0.0
10053,1394848,393,365,13,250,4,1,1,1,411,41.0,113652,26,1,1.0,1.0,0.0
3464,1395458,388,365,13,790,4,1,1,1,411,48.0,113652,33,2,2.0,1.0,1.0
2680,1394935,393,365,13,890,4,1,1,1,411,28.0,133582,34,1,2.0,1.0,1.0
1414,1376297,498,454,16,1100,4,1,1,1,411,38.0,113652,35,1,2.0,0.5,1.0
1432,1407093,316,304,11,1090,4,1,1,2,411,28.0,38446,35,2,4.0,0.0,1.0
9051,1402225,344,334,12,300,4,1,1,1,411,28.0,91782,37,1,1.0,1.0,0.0
7367,1377828,491,485,17,470,4,1,1,1,411,28.0,145595,40,2,1.0,0.0,0.0
5531,1388898,431,395,14,620,4,1,1,1,411,28.0,256989,47,1,2.0,1.0,0.0
7550,1411461,310,304,11,460,4,1,1,2,411,28.0,85873,33,2,2.0,1.0,1.0
5218,1402191,344,334,12,650,4,1,1,1,411,15.0,84346,41,2,2.0,1.0,1.0
10045,1336921,339,304,11,250,4,1,1,2,411,28.0,251483,62,1,1.0,0.0,0.0
11831,1378553,486,485,17,170,4,1,1,1,411,3.0,81747,40,1,1.0,1.0,0.0
4080,1388649,434,426,15,740,4,1,1,1,411,18.0,155534,79,2,3.0,1.0,1.0
7713,1392303,409,395,14,440,4,1,1,1,411,28.0,324294,27,2,1.0,0.0,0.0
8781,1383378,464,426,15,330,4,1,1,1,411,12.0,68409,47,1,1.0,1.0,0.0
4921,1389029,431,426,15,670,4,1,1,1,411,30.0,147800,40,2,2.0,1.0,0.0
5563,1393024,403,395,14,620,4,1,1,1,411,28.0,49853,48,1,2.0,1.0,0.0
3194,1376913,494,485,17,830,4,1,1,1,411,28.0,115160,32,1,2.0,1.0,1.0
3860,1390910,416,395,14,760,4,1,1,1,411,38.0,100371,41,1,2.0,1.0,0.0
1516,1376419,498,485,17,1070,4,1,1,1,411,41.0,113652,27,2,2.0,1.0,1.0
9335,1399612,364,334,12,290,4,1,1,1,411,7.0,219008,44,2,1.0,1.0,0.0
6847,1380149,478,454,16,520,4,1,1,1,411,28.0,107605,28,2,1.0,0.0,0.0
2328,1376754,494,454,16,940,4,1,1,1,411,18.0,73690,25,2,2.0,1.0,1.0
3562,1400243,359,334,12,780,4,1,1,1,411,5.0,113652,26,1,2.0,1.0,1.0
5186,1393177,403,365,13,650,4,1,1,1,411,29.0,76200,43,1,2.0,0.0,1.0
4768,1402547,340,334,12,680,4,1,1,1,411,28.0,450393,20,2,3.0,1.0,0.0
408,1391133,415,395,14,1540,4,1,1,1,411,28.0,230210,52,1,3.0,0.0,1.0
4874,1388330,436,426,15,670,4,1,1,1,411,28.0,63837,48,2,2.0,1.0,1.0
1368,1406138,318,304,11,1110,4,1,1,2,411,28.0,63123,39,2,4.0,0.0,1.0
7405,1419945,304,304,11,470,4,1,1,2,411,41.0,86886,38,2,2.0,1.0,1.0
9455,1389111,431,426,15,280,4,1,1,1,411,8.0,1262329,49,2,2.0,1.0,0.0
8206,1396895,380,365,13,390,4,1,1,1,411,8.0,43230,23,1,1.0,0.0,0.0
5812,1389131,430,426,15,600,4,1,1,1,411,28.0,75622,67,1,2.0,0.0,0.0
1002,1395438,381,334,12,1200,4,1,1,1,411,28.0,58720,31,2,4.0,0.0,1.0
4562,1400034,360,334,12,700,4,1,1,1,411,8.0,113652,35,1,2.0,1.0,1.0
8687,1389050,431,426,15,330,4,1,1,1,411,49.0,118545,51,2,1.0,1.0,0.0
6517,1414623,308,304,11,550,4,1,1,2,411,28.0,46451,35,2,3.0,0.0,0.0
5746,1398081,373,365,13,610,4,1,1,1,411,28.0,158816,50,1,2.0,1.0,0.0
7584,1388415,436,426,14,450,4,1,1,1,411,28.0,152537,29,2,1.0,1.0,0.0
9033,1405315,324,304,11,300,4,1,1,2,411,8.0,67170,43,2,2.0,1.0,0.0
10034,1397557,375,334,12,250,4,1,1,1,411,28.0,61698,45,2,1.0,0.0,0.0
3595,1401824,346,334,12,780,4,1,1,1,411,18.0,50407,34,2,2.0,1.0,1.0
5146,1396460,382,365,13,650,4,1,1,1,411,8.0,85691,57,2,2.0,1.0,0.0
6888,1374370,508,454,16,520,4,1,1,1,411,28.0,405026,30,1,1.0,1.0,0.0
1470,1135953,344,334,12,1080,4,1,1,1,411,28.0,136322,74,1,3.0,0.0,1.0
9749,1385994,450,426,15,270,4,1,1,1,411,46.0,113652,48,2,1.0,1.0,0.0
4829,917373,464,454,16,680,4,1,1,1,411,28.0,148715,28,1,2.0,1.0,0.0
1981,1387910,438,426,15,990,4,1,1,1,411,28.0,252875,33,1,2.0,1.0,1.0
6672,1374473,506,485,17,530,4,1,1,1,411,28.0,82736,35,1,1.0,1.0,0.0
7078,1389249,429,395,14,500,4,1,1,1,411,33.0,154415,79,1,2.0,0.0,0.0
1671,1376729,494,485,17,1050,4,1,1,1,411,14.0,113652,50,2,2.0,0.0,0.0
11087,1418782,304,304,11,210,4,1,1,2,411,37.0,76482,20,1,1.0,1.0,0.0
2613,1078964,455,426,15,900,4,1,1,1,411,8.0,32891,82,1,1.0,0.0,0.0
3160,1376200,499,485,17,830,4,1,1,1,411,46.0,37188,63,2,2.0,1.0,1.0
5123,1391090,416,395,14,660,4,1,1,1,411,28.0,230323,40,2,2.0,1.0,0.0
3842,1382284,470,454,16,760,4,1,1,1,411,28.0,527349,67,2,2.0,1.0,0.0
2973,1385129,455,426,15,850,4,1,1,1,411,41.0,42274,33,1,2.0,1.0,1.0
8239,1375702,501,454,16,380,4,1,1,1,411,8.0,51603,35,2,1.0,1.0,0.0
9607,1401131,352,334,12,270,4,1,1,1,411,3.0,113652,34,2,1.0,0.0,0.0
4381,1387284,442,426,15,710,4,1,1,1,411,27.0,75446,40,1,2.0,1.0,0.0
9530,1380365,478,454,16,280,4,1,1,1,411,3.0,26464,52,1,1.0,1.0,0.0
4320,1401971,345,334,12,720,4,1,1,1,411,46.0,113652,40,1,2.0,1.0,1.0
9073,1374379,508,485,17,300,4,1,1,1,411,28.0,233726,20,1,2.0,1.0,0.0
4981,1392457,408,395,14,670,4,1,1,1,411,34.0,76880,44,2,2.0,1.0,0.0
10660,1412668,309,304,11,230,4,1,1,2,411,31.0,113652,22,1,1.0,1.0,0.0
8934,1391168,415,395,14,310,4,1,1,1,411,29.0,113355,21,2,1.0,1.0,0.0
5494,1400869,353,334,12,630,4,1,1,1,411,46.0,90587,67,2,3.0,1.0,1.0
330,1381399,473,454,16,1610,4,1,1,1,411,33.0,76059,50,1,4.0,0.0,1.0
1965,1388280,436,426,15,990,4,1,1,1,411,28.0,82736,34,2,2.0,1.0,1.0
5235,1384533,458,304,11,650,4,1,1,2,411,14.0,180986,44,2,2.0,1.0,1.0
1010,1388258,436,395,14,1200,4,1,1,1,411,39.0,83674,44,1,2.0,0.0,1.0
3445,1382821,466,454,16,800,4,1,1,1,411,28.0,113652,56,1,2.0,1.0,0.0
3721,1393201,402,395,14,770,4,1,1,1,411,28.0,133909,50,1,3.0,1.0,1.0
2154,864101,407,395,14,970,4,1,1,1,411,28.0,193533,40,1,2.0,1.0,1.0
8939,1401552,347,304,11,310,4,1,1,2,411,48.0,113652,37,1,2.0,1.0,0.0
8390,1377476,492,454,15,360,4,1,1,1,411,28.0,102664,36,2,1.0,0.0,0.0
5128,1384999,456,426,15,650,4,1,1,1,411,29.0,111084,36,1,3.0,0.0,0.0
10006,1398297,372,365,13,250,4,1,1,1,411,8.0,113652,48,2,1.0,1.0,0.0
10778,1382228,470,454,16,220,4,1,1,1,411,46.0,43155,49,2,1.0,1.0,0.0
5664,1374573,506,485,17,610,4,1,1,1,411,48.0,113652,32,2,1.0,1.0,0.0
5740,1394688,394,365,13,610,4,1,1,1,411,28.0,168399,70,2,2.0,1.0,0.0
6545,1403335,336,334,12,540,4,1,1,1,411,6.0,97804,51,2,2.0,1.0,1.0
2516,1393960,397,395,14,920,4,1,1,1,411,11.0,55570,46,1,2.0,1.0,1.0
2678,1407253,316,304,11,890,4,1,1,2,411,8.0,66522,36,2,4.0,0.0,1.0
3130,1405499,323,304,11,840,4,1,1,2,411,49.0,22698,32,1,3.0,0.0,0.0
11763,1418004,305,304,11,170,4,1,1,2,411,11.0,166430,20,2,1.0,1.0,0.0
8469,1399246,366,334,12,360,4,1,1,1,411,28.0,258207,71,1,1.0,1.0,0.0
5641,1401259,351,304,11,610,4,1,1,2,411,11.0,68073,22,2,2.0,1.0,0.0
3671,1387209,443,426,15,780,4,1,1,1,411,28.0,64625,80,1,3.0,1.0,0.0
5438,1412278,310,304,11,630,4,1,1,2,411,46.0,87549,22,2,2.0,1.0,1.0
10340,1393730,400,395,14,240,4,1,1,1,411,45.0,48091,43,1,1.0,0.0,0.0
6088,1383834,462,454,16,580,4,1,1,1,411,45.0,79058,39,2,1.0,1.0,0.0
10799,1389423,429,395,14,220,4,1,1,1,411,15.0,65471,41,1,1.0,0.0,0.0
7289,1387160,443,426,15,480,4,1,1,1,411,28.0,113652,31,2,0.0,0.0,0.0
92,1383996,459,454,16,1980,4,1,1,1,411,50.0,80882,39,2,5.0,0.0,1.0
41,1384162,459,454,16,2310,4,1,1,1,411,28.0,188324,41,1,4.5,0.0,1.0
5800,856240,353,334,12,600,4,1,1,1,411,28.0,208928,65,1,2.0,1.0,0.0
10604,1397652,375,365,13,230,4,1,1,1,411,28.0,108435,32,2,1.0,1.0,0.0
10896,1388035,437,426,15,210,4,1,1,1,411,46.0,113652,24,1,1.0,1.0,0.0
6434,1376160,499,485,17,550,4,1,1,1,411,35.0,153888,31,2,1.0,1.0,0.0
2231,1377400,492,485,17,950,4,1,1,1,411,29.0,25909,34,2,2.0,1.0,1.0
9957,1404051,331,304,11,260,4,1,1,2,411,8.0,178045,23,2,1.0,0.0,0.0
6899,1401344,351,334,12,520,4,1,1,1,411,28.0,51442,26,1,3.0,0.0,0.0
1323,1261455,506,454,16,1120,4,1,1,1,411,30.0,28904,38,1,2.0,1.0,1.0
2340,1381590,472,395,14,930,4,1,1,1,411,35.0,43631,27,2,3.0,0.0,0.0
11300,1402514,340,334,12,200,4,1,1,1,411,8.0,113652,40,2,1.0,1.0,0.0
9118,1377059,494,485,17,300,4,1,1,1,411,21.0,69169,41,1,2.0,1.0,0.0
3378,1379730,480,454,16,800,4,1,1,1,411,8.0,113652,37,2,2.0,0.5,0.0
7525,1381927,471,454,16,460,4,1,1,1,411,14.0,81353,28,1,1.0,1.0,0.0
7228,1384444,346,334,12,480,4,1,1,1,411,46.0,141001,66,1,1.0,0.0,0.0
8373,1400505,357,334,12,370,4,1,1,1,411,6.0,65306,34,1,1.0,0.0,0.0
5711,1397694,374,365,13,610,4,1,1,1,411,28.0,123032,39,2,2.0,1.0,0.0
10602,1378565,486,454,16,230,4,1,1,1,411,30.0,63726,25,1,1.0,1.0,0.0
3400,1390161,424,395,14,800,4,1,1,1,411,48.0,113652,60,2,2.0,1.0,1.0
2766,1390132,424,426,15,870,4,1,1,1,411,7.0,178304,42,2,2.0,1.0,1.0
2588,1392341,408,395,14,910,4,1,1,1,411,28.0,142783,30,2,2.0,1.0,1.0
11351,1396720,381,365,13,190,4,1,1,1,411,25.0,62199,37,2,1.0,1.0,0.0
5328,1394463,395,365,13,640,4,1,1,1,411,3.0,462869,32,1,3.0,0.0,0.0
2344,1384380,458,426,15,930,4,1,1,1,411,28.0,102134,70,1,2.0,1.0,1.0
10415,1402257,344,334,12,240,4,1,1,1,411,28.0,168172,44,1,1.0,1.0,0.0
6377,1417245,305,304,11,560,4,1,1,2,411,27.0,69257,24,2,1.0,1.0,1.0
8301,1393086,403,365,13,370,4,1,1,1,411,21.0,95917,43,1,1.0,1.0,0.0
4256,1375103,504,485,17,720,4,1,1,1,411,28.0,76890,59,2,2.0,1.0,0.0
11580,1404250,330,304,11,180,4,1,1,2,411,45.0,66395,34,2,2.0,1.0,0.0
8296,1397752,374,365,13,370,4,1,1,1,411,28.0,168972,20,2,1.0,1.0,0.0
11412,1398934,367,365,13,190,4,1,1,1,411,41.0,294393,54,2,1.0,1.0,0.0
2127,1401297,351,334,12,980,4,1,1,1,411,5.0,113652,63,1,2.0,1.0,1.0
3082,1397102,379,365,13,850,4,1,1,1,411,36.0,99222,29,2,2.0,1.0,1.0
8733,1388034,437,426,15,330,4,1,1,1,411,50.0,51348,65,2,1.0,1.0,0.0
10943,1374486,506,426,15,210,4,1,1,1,411,28.0,91865,32,1,1.0,1.0,0.0
10223,1382151,470,454,16,250,4,1,1,1,411,28.0,172764,64,2,2.0,1.0,0.0
10283,306221,413,395,14,240,4,1,1,1,411,28.0,56181,44,1,1.0,0.5,0.0
85,1383514,463,454,16,2020,4,1,1,1,411,28.0,150352,55,2,4.0,1.0,1.0
7515,1379252,483,454,16,460,4,1,1,1,411,28.0,96853,38,1,1.0,1.0,0.0
7948,1404052,331,304,11,410,4,1,1,2,411,28.0,179310,28,2,3.0,0.0,0.0
135,1397445,375,365,13,1880,4,1,1,1,411,28.0,113652,51,2,5.0,0.0,1.0
9522,1380781,476,454,16,280,4,1,1,1,411,14.0,73110,39,1,1.0,1.0,0.0
434,1387490,441,395,14,1520,4,1,1,1,411,28.0,152414,28,2,4.0,0.0,1.0
4329,1384603,457,454,16,720,4,1,1,1,411,28.0,325135,29,2,2.0,1.0,0.0
9625,1399071,367,334,12,270,4,1,1,1,411,39.0,110467,56,1,1.0,1.0,0.0
6987,1378098,487,454,16,510,4,1,1,1,411,6.0,27154,59,2,1.0,0.0,0.0
318,1400372,358,334,12,1620,4,1,1,1,411,28.0,108253,51,2,4.0,1.0,1.0
4738,1391575,413,395,14,690,4,1,1,1,411,8.0,86713,57,2,2.0,1.0,0.0
9373,1379812,479,454,16,280,4,1,1,1,411,8.0,61535,37,2,1.0,1.0,0.0
11691,1406509,317,304,11,170,4,1,1,2,411,33.0,87992,46,2,2.0,1.0,0.0
8585,1297890,486,454,16,340,4,1,1,1,411,48.0,113652,34,2,1.0,1.0,0.0
6872,873153,454,426,15,520,4,1,1,1,411,28.0,276476,42,2,1.0,0.0,0.0
3034,1393563,401,395,14,850,4,1,1,1,411,10.0,336192,34,2,2.0,1.0,1.0
9839,1418699,305,304,11,260,4,1,1,2,411,3.0,34865,33,2,1.0,0.0,0.0
1175,1385780,451,426,15,1140,4,1,1,1,411,9.0,156764,36,1,2.0,0.0,1.0
1786,1376397,498,485,17,1020,4,1,1,1,411,15.0,145312,33,2,2.0,1.0,1.0
11611,1403403,336,334,12,180,4,1,1,1,411,29.0,113652,45,2,1.0,1.0,0.0
2616,1380499,477,454,16,900,4,1,1,1,411,18.0,123522,43,2,2.0,1.0,1.0
10294,1397946,373,334,12,240,4,1,1,1,411,28.0,158220,59,1,1.0,1.0,0.0
10122,1381434,473,454,16,250,4,1,1,1,411,15.0,143928,50,1,1.0,1.0,0.0
6392,1401591,347,334,12,560,4,1,1,1,411,36.0,89546,54,2,2.0,1.0,0.0
8310,871653,336,334,12,370,4,1,1,1,411,28.0,99677,65,2,1.0,0.0,0.0
5340,1397057,379,334,12,640,4,1,1,1,411,28.0,84545,45,2,2.0,1.0,0.0
6886,1400520,357,334,12,520,4,1,1,1,411,35.0,146575,69,2,2.0,1.0,0.0
1595,1382779,466,304,11,1060,4,1,1,2,411,28.0,220563,29,1,4.0,0.0,0.0
3846,897826,385,365,13,760,4,1,1,1,411,28.0,127435,41,2,2.0,1.0,1.0
3352,1382908,466,454,16,810,4,1,1,1,411,46.0,113652,52,1,2.0,1.0,1.0
2310,1402943,339,334,12,940,4,1,1,1,411,6.0,89910,40,2,3.0,0.0,1.0
8511,1414090,308,304,11,350,4,1,1,2,411,28.0,220705,54,2,1.0,0.0,0.0
7492,1406586,317,304,11,460,4,1,1,2,411,28.0,192705,37,2,3.0,0.0,0.0
3994,1374982,505,485,17,750,4,1,1,1,411,12.0,57009,35,2,2.0,0.0,0.0
5747,1413228,309,304,11,610,4,1,1,2,411,30.0,52964,21,2,2.0,0.0,0.0
3891,1380777,476,454,16,760,4,1,1,1,411,28.0,59026,60,1,2.0,1.0,0.0
7267,1399476,364,334,12,480,4,1,1,1,411,28.0,170925,86,1,1.5,1.0,0.5
6705,1391735,410,395,14,530,4,1,1,1,411,28.0,147432,41,2,1.0,0.0,0.0
2932,1393166,403,395,14,860,4,1,1,1,411,8.0,222025,49,2,2.0,1.0,1.0
11727,1407608,315,304,11,170,4,1,1,2,411,8.0,233639,74,2,1.0,1.0,0.0
5603,1394543,395,395,14,620,4,1,1,1,411,15.0,90344,39,1,2.0,1.0,1.0
6673,1417169,306,304,11,530,4,1,1,2,411,46.0,113652,29,2,2.0,1.0,1.0
6449,1403720,333,304,11,550,4,1,1,2,411,28.0,127431,44,1,2.0,0.0,0.0
8986,1395982,386,365,13,310,4,1,1,1,411,8.0,101067,49,2,1.0,1.0,0.0
11277,1376393,498,426,11,200,4,1,1,1,411,8.0,58583,27,2,0.0,0.0,0.0
3938,1404041,331,304,11,750,4,1,1,2,411,21.0,77197,25,2,2.0,1.0,1.0
7276,1389425,429,426,15,480,4,1,1,1,411,28.0,104381,27,1,1.0,0.0,0.0
4504,1421081,303,304,11,710,4,1,1,2,411,46.0,22533,30,1,2.0,1.0,1.0
958,1381245,473,426,15,1220,4,1,1,1,411,35.0,95397,31,2,2.0,0.0,0.0
2742,1376554,497,485,17,880,4,1,1,1,411,28.0,73094,42,2,3.0,0.0,0.0
7696,1406717,316,304,11,440,4,1,1,2,411,9.0,52340,51,2,1.0,0.0,0.0
2157,1386400,448,395,14,970,4,1,1,1,411,11.0,113652,36,1,2.0,0.0,1.0
5303,1395263,389,334,12,650,4,1,1,1,411,37.0,150501,29,1,3.0,1.0,0.0
10551,1402356,343,304,11,230,4,1,1,2,411,38.0,71718,45,1,1.0,1.0,0.0
465,1390529,421,395,14,1500,4,1,1,1,411,28.0,43033,40,2,4.0,0.0,1.0
3470,1397604,375,365,13,790,4,1,1,1,411,18.0,45435,31,2,2.0,1.0,1.0
6698,1398055,373,365,13,530,4,1,1,1,411,28.0,74081,22,1,3.0,0.0,0.0
8382,1417417,305,304,11,370,4,1,1,2,411,46.0,65610,44,1,1.0,0.0,0.0
70,1379359,480,454,16,2100,4,1,1,1,411,28.0,88273,47,2,4.0,0.0,1.0
8747,1387515,441,426,15,330,4,1,1,1,411,27.0,31038,31,1,1.0,1.0,0.0
9701,1404527,328,304,11,270,4,1,1,2,411,14.0,17207,42,2,2.0,1.0,0.0
8251,1403439,335,304,11,380,4,1,1,2,411,8.0,142717,48,1,2.0,1.0,0.0
10835,643263,445,365,13,220,4,1,1,1,411,28.0,106852,45,1,1.0,1.0,0.0
868,1382702,466,454,16,1270,4,1,1,1,411,3.0,498304,49,2,3.5,0.0,1.0
3128,1400713,354,334,12,840,4,1,1,1,411,2.0,22390,33,1,2.0,1.0,1.0
7744,1396552,382,365,13,440,4,1,1,1,411,28.0,67411,39,2,1.0,1.0,0.0
9533,1380732,476,454,16,280,4,1,1,1,411,31.0,113652,53,2,1.0,1.0,0.0
11448,1384191,459,454,16,190,4,1,1,1,411,46.0,49904,40,1,0.0,0.0,0.0
2380,1378600,486,485,17,930,4,1,1,1,411,28.0,154152,62,1,3.0,1.0,0.0
1142,1297474,473,395,14,1160,4,1,1,1,411,29.0,269062,37,1,3.0,0.0,1.0
7699,897613,310,304,11,440,4,1,1,2,411,9.0,52759,64,1,1.0,0.0,0.0
3101,1375244,504,485,17,840,4,1,1,1,411,46.0,107684,28,2,3.0,0.0,0.0
1355,1378695,485,485,17,1120,4,1,1,1,411,3.0,113652,64,2,2.0,1.0,1.0
2727,1393131,403,395,14,880,4,1,1,1,411,3.0,25538,31,1,2.0,1.0,1.0
9216,1376294,498,485,17,290,4,1,1,1,411,48.0,113652,55,1,1.0,1.0,0.0
5982,1410955,311,304,11,590,4,1,1,2,411,28.0,118853,30,2,2.0,1.0,1.0
3679,1401507,347,334,12,780,4,1,1,1,411,8.0,93800,47,1,2.0,1.0,1.0
3995,1383071,465,454,16,750,4,1,1,1,411,2.0,104015,40,1,2.0,0.0,1.0
6772,576140,387,365,13,520,4,1,1,1,411,28.0,159400,56,1,1.0,0.0,0.0
1954,1388574,435,426,15,990,4,1,1,1,411,36.0,35958,36,1,2.0,1.0,1.0
5674,1398440,371,365,13,610,4,1,1,1,411,6.0,113652,46,1,2.0,1.0,0.0
11719,1375090,504,485,17,170,4,1,1,1,411,8.0,74290,43,2,1.0,0.0,0.0
7765,1399308,365,365,13,430,4,1,1,1,411,28.0,84124,30,2,1.0,1.0,0.0
5034,1377328,493,454,16,660,4,1,1,1,411,50.0,39517,34,2,2.0,1.0,0.0
8209,1395766,387,304,11,380,4,1,1,2,411,29.0,113652,20,1,2.0,0.0,0.0
6700,1394825,393,395,14,530,4,1,1,1,411,28.0,143172,67,2,1.0,0.0,0.0
6584,1391841,410,395,14,540,4,1,1,1,411,28.0,113652,31,1,3.0,0.0,0.0
11786,1415845,307,304,11,170,4,1,1,2,411,8.0,75695,31,1,1.0,1.0,0.0
2982,1395181,389,365,13,850,4,1,1,1,411,24.0,37248,49,1,2.0,1.0,1.0
8965,807847,344,334,12,310,4,1,1,1,411,28.0,363267,53,2,2.0,1.0,0.0
1983,1388154,437,426,15,990,4,1,1,1,411,8.0,167722,34,2,2.0,1.0,1.0
6569,1395783,387,365,13,540,4,1,1,1,411,39.0,98070,75,2,2.0,1.0,0.0
6997,1403457,335,334,12,510,4,1,1,1,411,2.0,67957,50,2,1.5,1.0,0.0
3234,1375219,504,485,16,820,4,1,1,1,411,46.0,67447,53,1,3.0,0.0,0.0
8343,1382486,469,454,16,370,4,1,1,1,411,28.0,36493,30,1,1.0,0.0,0.0
6724,1409699,311,304,11,530,4,1,1,2,411,6.0,46791,24,2,2.0,1.0,1.0
11687,1384223,459,454,16,170,4,1,1,1,411,48.0,113652,42,2,0.0,0.0,0.0
2238,1378442,486,485,17,950,4,1,1,1,411,7.0,91206,29,2,2.0,1.0,1.0
4952,1394169,396,365,13,670,4,1,1,1,411,12.0,35110,28,2,2.0,1.0,1.0
10838,656163,344,304,11,220,4,1,1,2,411,28.0,75408,52,1,2.0,1.0,0.0
9102,1388070,437,426,15,300,4,1,1,1,411,28.0,142167,23,2,1.0,0.0,0.0
8817,1398134,372,365,13,320,4,1,1,1,411,28.0,200403,29,2,2.0,1.0,0.0
6792,1408120,314,304,11,520,4,1,1,2,411,29.0,55280,39,1,2.0,1.0,1.0
1501,1375598,501,485,17,1070,4,1,1,1,411,50.0,64203,41,2,2.0,1.0,1.0
9482,1382942,466,454,16,280,4,1,1,1,411,28.0,289489,45,2,1.0,1.0,0.0
9222,1413895,308,304,11,290,4,1,1,2,411,3.0,49853,30,1,1.0,0.0,0.0
10523,1403185,337,304,11,230,4,1,1,2,411,33.0,113652,50,2,1.0,1.0,0.0
9961,1386732,445,395,14,260,4,1,1,1,411,26.0,113652,30,1,1.0,1.0,0.0
9169,1376122,499,485,17,290,4,1,1,1,411,14.0,125368,52,2,1.0,1.0,0.0
543,1385154,455,426,15,1450,4,1,1,1,411,28.0,175752,31,2,3.0,0.0,1.0
9220,1405725,322,304,11,290,4,1,1,2,411,41.0,147875,72,2,1.0,1.0,0.0
3465,1386996,444,426,15,790,4,1,1,1,411,15.0,99048,40,2,2.0,0.0,1.0
4477,1218420,322,304,11,710,4,1,1,2,411,27.0,76892,56,2,2.0,1.0,1.0
4237,1395833,386,334,12,720,4,1,1,1,411,28.0,113652,28,1,2.0,0.5,0.0
4845,1410913,311,304,11,680,4,1,1,2,411,39.0,66268,46,2,4.0,0.0,0.0
4867,1381905,471,454,16,670,4,1,1,1,411,28.0,99383,48,1,2.0,1.0,0.0
10722,1398755,368,365,13,220,4,1,1,1,411,28.0,77601,45,2,2.0,1.0,0.0
9736,1403728,333,304,11,270,4,1,1,2,411,8.0,113652,39,2,1.0,0.0,0.0
5407,1392751,406,395,14,640,4,1,1,1,411,29.0,68387,35,1,3.0,0.0,0.0
11600,1266314,312,304,11,180,4,1,1,2,411,9.0,113652,59,1,2.0,1.0,0.0
8184,1389618,428,304,11,390,4,1,1,2,411,36.0,106691,44,2,1.0,1.0,0.0
2534,1396108,385,365,13,920,4,1,1,1,411,3.0,29992,31,1,2.0,0.0,1.0
1427,1377996,490,485,17,1100,4,1,1,1,411,18.0,91366,42,2,3.0,0.0,0.0
733,1374196,508,485,17,1330,4,1,1,1,411,8.0,131286,45,1,3.0,1.0,1.0
7471,1408012,315,304,11,460,4,1,1,2,411,7.0,70763,37,2,3.0,0.0,0.0
4991,1382932,466,454,16,660,4,1,1,1,411,28.0,51099,34,2,3.0,0.0,0.0
7934,1375959,500,485,17,410,4,1,1,1,411,4.0,73702,32,1,1.0,1.0,0.0
11675,1401299,351,334,12,180,4,1,1,1,411,37.0,85997,24,2,1.0,1.0,0.0
9819,1392016,410,395,14,260,4,1,1,1,411,15.0,59490,34,1,1.0,1.0,0.0
2412,1388232,436,426,15,930,4,1,1,1,411,28.0,148736,28,1,2.0,1.0,1.0
1208,1375519,501,485,17,1130,4,1,1,1,411,11.0,27318,49,2,2.0,1.0,1.0
8260,1397089,379,365,13,380,4,1,1,1,411,46.0,72419,35,1,1.0,0.0,0.0
4097,804854,409,395,14,740,4,1,1,1,411,28.0,150603,47,2,2.0,1.0,1.0
11869,1413906,308,304,11,170,4,1,1,2,411,29.0,383087,40,1,2.0,1.0,0.0
5790,1385128,455,426,15,600,4,1,1,1,411,28.0,232165,34,1,3.0,0.0,0.0
7756,1404015,331,304,11,440,4,1,1,2,411,28.0,98475,43,1,1.0,0.0,0.0
5006,1378650,485,485,17,660,4,1,1,1,411,28.0,113652,63,2,2.0,0.0,0.0
3100,1382315,470,454,16,840,4,1,1,1,411,46.0,36762,53,2,2.0,1.0,0.0
4028,1388119,437,426,15,740,4,1,1,1,411,24.0,63148,50,2,1.0,0.0,0.0
7481,1377665,491,454,16,460,4,1,1,1,411,50.0,94503,29,2,1.0,1.0,0.0
5020,1387560,441,395,14,660,4,1,1,1,411,24.0,69705,85,1,2.0,1.0,0.0
9851,1391329,415,395,14,260,4,1,1,1,411,46.0,123149,46,2,1.0,1.0,0.0
6167,1392890,403,395,14,580,4,1,1,1,411,28.0,209558,58,1,2.0,0.0,0.0
7028,1402962,338,334,12,510,4,1,1,1,411,46.0,52723,23,2,1.0,1.0,1.0
4119,1395163,389,365,13,730,4,1,1,1,411,3.0,113652,74,2,2.0,1.0,1.0
2954,1387836,438,365,13,850,4,1,1,1,411,46.0,34278,31,2,2.0,1.0,1.0
902,1396783,381,365,13,1250,4,1,1,1,411,15.0,86507,51,2,4.0,0.0,1.0
7752,1404532,328,304,11,440,4,1,1,2,411,28.0,64055,47,2,1.0,0.0,0.0
5836,1403803,332,334,12,600,4,1,1,1,411,28.0,48319,51,1,2.0,1.0,1.0
7887,884989,365,334,12,420,4,1,1,1,411,11.0,113652,20,2,1.0,1.0,0.0
8030,1403365,336,304,11,410,4,1,1,2,411,43.0,302192,42,2,3.0,0.0,0.0
4170,1396054,386,365,13,730,4,1,1,1,411,17.0,100338,44,1,2.0,1.0,1.0
11629,1401567,347,334,12,180,4,1,1,1,411,28.0,88319,29,1,1.0,1.0,0.0
9171,1416285,307,304,11,290,4,1,1,2,411,6.0,65080,37,1,2.0,1.0,0.0
1434,1406471,317,304,11,1090,4,1,1,2,411,28.0,129981,46,2,4.0,0.0,1.0
7923,1400431,358,334,12,420,4,1,1,1,411,28.0,262038,29,2,2.0,0.5,0.0
9054,1366889,497,454,13,300,4,1,1,1,411,33.0,143985,41,1,0.0,0.0,0.0
3928,1379731,480,454,16,760,4,1,1,1,411,17.0,56776,29,1,1.5,0.5,0.0
8079,1255290,465,454,16,400,4,1,1,1,411,39.0,113652,39,2,1.0,1.0,0.0
6778,1317553,392,365,13,520,4,1,1,1,411,19.0,113652,86,2,1.0,0.0,0.0
2879,1391060,416,395,14,860,4,1,1,1,411,6.0,72606,33,2,2.0,1.0,1.0
11617,1381284,473,454,16,180,4,1,1,1,411,30.0,74678,47,2,0.0,0.0,0.0
3016,1403354,336,304,11,850,4,1,1,2,411,28.0,104471,53,1,2.0,1.0,1.0
10138,1379495,480,454,16,250,4,1,1,1,411,28.0,134880,30,1,1.0,1.0,0.0
4147,1377491,492,485,17,730,4,1,1,1,411,45.0,71722,28,2,3.0,0.0,0.0
4685,1391649,413,395,13,690,4,1,1,1,411,28.0,81280,39,2,2.0,0.0,0.0
4081,1385431,452,426,15,740,4,1,1,1,411,28.0,68032,49,2,2.0,1.0,1.0
5524,1383550,463,426,15,630,4,1,1,1,411,28.0,83447,22,1,2.0,1.0,1.0
1935,1398792,368,365,13,1000,4,1,1,1,411,28.0,294986,36,2,3.0,1.0,1.0
2316,1381633,472,454,16,940,4,1,1,1,411,9.0,41950,47,2,2.0,1.0,1.0
708,1396794,381,365,13,1340,4,1,1,1,411,41.0,90159,48,2,5.0,0.0,1.0
10579,1407619,315,304,11,230,4,1,1,2,411,8.0,99773,41,1,1.0,1.0,0.0
4985,1385691,451,426,15,670,4,1,1,1,411,28.0,251828,28,1,2.0,0.0,1.0
2270,1403752,332,304,11,950,4,1,1,2,411,14.0,22290,40,1,3.0,0.0,1.0
10224,1381896,471,454,16,250,4,1,1,1,411,28.0,143584,36,1,1.0,1.0,0.0
1210,1374831,505,485,17,1130,4,1,1,1,411,7.0,212788,29,2,2.0,1.0,1.0
11468,1405970,319,304,11,190,4,1,1,2,411,1.0,113652,73,2,2.0,0.0,0.0
3379,1390693,417,395,14,800,4,1,1,1,411,14.0,290089,50,2,2.0,1.0,1.0
35,487874,415,395,14,2360,4,1,1,1,411,28.0,113652,46,1,6.0,0.0,1.0
10067,1396081,385,365,13,250,4,1,1,1,411,41.0,84376,47,1,1.0,1.0,0.0
1844,1388492,435,426,15,1010,4,1,1,1,411,8.0,73666,50,1,2.0,0.0,1.0
5227,1395875,386,365,13,650,4,1,1,1,411,8.0,112139,44,2,2.0,1.0,0.0
6657,1406266,318,304,11,530,4,1,1,2,411,47.0,113652,42,1,2.0,1.0,1.0
7819,1397666,375,365,13,430,4,1,1,1,411,25.0,81652,45,1,1.0,0.0,0.0
8430,1404909,325,304,11,360,4,1,1,2,411,8.0,302106,36,1,1.0,0.0,0.0
1157,1386657,445,426,15,1150,4,1,1,1,411,5.0,73405,58,2,3.0,0.0,0.0
428,1390287,423,395,14,1520,4,1,1,1,411,28.0,127661,33,1,4.0,0.0,1.0
11499,1390050,424,395,14,180,4,1,1,1,411,4.0,91634,61,2,1.0,0.5,0.0
5024,1375450,501,485,17,660,4,1,1,1,411,30.0,98694,32,2,1.0,0.0,0.0
5838,1399810,361,334,12,600,4,1,1,1,411,14.0,86508,84,2,2.0,1.0,0.0
9812,1376188,499,485,17,260,4,1,1,1,411,39.0,105840,67,1,1.0,1.0,0.0
1807,1396497,382,365,13,1020,4,1,1,1,411,28.0,118722,30,1,2.0,0.0,1.0
2021,1404846,326,304,11,990,4,1,1,2,411,32.0,55938,67,2,3.0,0.0,1.0
3094,1391497,414,395,14,840,4,1,1,1,411,18.0,155680,60,2,2.0,1.0,1.0
10458,1402044,345,304,11,230,4,1,1,2,411,30.0,113652,24,2,1.0,1.0,0.0
3570,1401217,351,334,12,780,4,1,1,1,411,28.0,130815,39,1,2.0,1.0,1.0
1665,1384783,457,426,15,1050,4,1,1,1,411,28.0,151525,49,1,2.0,1.0,1.0
8126,1381553,473,454,16,400,4,1,1,1,411,28.0,62393,32,1,1.0,1.0,0.0
11241,1250617,315,304,11,200,4,1,1,2,411,28.0,155263,52,2,1.0,0.0,0.0
10845,1379115,484,454,16,220,4,1,1,1,411,30.0,70022,31,2,1.0,1.0,0.0
9896,1377737,491,485,17,260,4,1,1,1,411,50.0,106397,48,2,1.0,1.0,0.0
10944,1377983,490,485,17,210,4,1,1,1,411,28.0,97794,36,1,1.0,1.0,0.0
7182,1399194,366,365,13,490,4,1,1,1,411,28.0,194257,44,2,1.0,1.0,0.0
704,1388654,434,426,15,1350,4,1,1,1,411,11.0,32278,57,1,4.0,0.0,0.0
5957,1408093,314,304,11,590,4,1,1,2,411,38.0,87056,46,2,2.0,1.0,1.0
8757,1401172,352,304,11,330,4,1,1,2,411,28.0,113652,52,1,1.0,1.0,0.0
5826,1395919,386,365,13,600,4,1,1,1,411,28.0,139602,48,1,2.0,1.0,1.0
5979,1410971,311,304,11,590,4,1,1,2,411,28.0,76046,31,2,2.0,1.0,1.0
5584,1390565,421,395,14,620,4,1,1,1,411,8.0,130939,41,2,2.0,1.0,0.0
608,1382466,469,454,16,1400,4,1,1,1,411,28.0,144105,22,2,3.0,1.0,0.0
4418,1417198,306,304,11,710,4,1,1,2,411,48.0,113652,29,2,2.0,1.0,1.0
10802,1383969,459,454,16,220,4,1,1,1,411,46.0,52458,23,2,1.0,1.0,0.0
7712,1397109,379,365,13,440,4,1,1,1,411,48.0,113652,37,2,1.0,1.0,0.0
1608,1390524,421,395,14,1060,4,1,1,1,411,33.0,54374,29,2,3.0,1.0,1.0
4707,1383873,462,426,15,690,4,1,1,1,411,25.0,113652,39,2,2.0,1.0,1.0
3617,43520,344,334,12,780,4,1,1,1,411,41.0,108061,47,1,2.0,1.0,1.0
3413,1379987,479,454,16,800,4,1,1,1,411,28.0,116593,35,2,2.0,1.0,0.0
758,1374348,508,485,17,1320,4,1,1,1,411,28.0,79028,32,2,3.0,0.0,1.0
5360,1132766,336,304,11,640,4,1,1,2,411,46.0,68869,42,2,2.0,1.0,1.0
5491,536913,333,334,12,630,4,1,1,1,411,28.0,51785,39,1,2.0,1.0,0.0
4393,1417740,305,304,11,710,4,1,1,2,411,10.0,77686,28,1,2.0,1.0,1.0
11809,1418911,304,304,11,170,4,1,1,2,411,24.0,58770,20,1,1.0,1.0,0.0
4710,1392633,407,395,14,690,4,1,1,1,411,3.0,64580,36,1,3.0,0.0,0.0
8809,1382478,469,395,14,320,4,1,1,1,411,28.0,241425,67,1,1.0,1.0,0.0
399,1392541,407,395,14,1540,4,1,1,1,411,28.0,482830,47,2,4.0,0.0,1.0
3997,1385223,455,426,15,750,4,1,1,1,411,28.0,438508,53,2,3.0,1.0,0.0
542,1374945,505,485,17,1450,4,1,1,1,411,28.0,285902,96,2,3.0,1.0,0.0
10949,1401137,352,334,12,210,4,1,1,1,411,6.0,23272,48,2,2.0,1.0,0.0
4193,1391682,413,395,14,730,4,1,1,1,411,36.0,64943,30,2,2.0,1.0,0.0
3858,1382841,466,454,16,760,4,1,1,1,411,28.0,60268,39,2,3.0,0.0,0.0
5680,1403252,337,304,11,610,4,1,1,2,411,28.0,249432,32,1,2.0,0.0,0.0
3883,1384768,457,454,16,760,4,1,1,1,411,28.0,271603,70,1,2.0,1.0,0.0
1602,1374657,506,485,17,1060,4,1,1,1,411,3.0,113652,42,1,2.0,1.0,1.0
2075,1390210,423,395,14,980,4,1,1,1,411,45.0,92190,49,1,2.0,1.0,1.0
4279,1401901,346,334,12,720,4,1,1,1,411,28.0,64019,32,1,2.0,1.0,1.0
4614,1384133,459,454,16,700,4,1,1,1,411,33.0,113652,40,2,2.0,1.0,1.0
11274,1378923,484,454,16,200,4,1,1,1,411,28.0,161870,24,2,1.0,0.5,0.0
367,1388019,437,426,15,1580,4,1,1,1,411,28.0,35873,38,1,5.0,0.0,1.0
9253,1376087,499,485,17,290,4,1,1,1,411,28.0,126936,23,2,1.0,1.0,0.0
2531,1374770,505,485,17,920,4,1,1,1,411,28.0,57033,23,2,3.0,0.0,0.0
9627,1387095,443,426,15,270,4,1,1,1,411,28.0,113652,63,1,1.0,1.0,0.0
7953,1404138,330,304,11,410,4,1,1,2,411,28.0,139686,42,1,1.0,1.0,0.0
11134,1374605,506,485,17,200,4,1,1,1,411,28.0,48603,29,2,1.0,0.0,0.0
2174,1380408,478,454,16,970,4,1,1,1,411,28.0,229233,68,2,2.0,1.0,0.0
63,1389062,431,395,14,2140,4,1,1,1,411,48.0,113652,43,2,6.0,0.0,1.0
8065,1401417,350,304,11,400,4,1,1,2,411,7.0,53631,29,2,1.0,1.0,0.0
10858,1400179,359,334,12,220,4,1,1,1,411,3.0,113652,45,1,1.0,0.0,0.0
10584,1392639,407,395,12,230,4,1,1,1,411,4.0,113652,45,1,1.0,1.0,0.0
10983,1387901,438,426,15,210,4,1,1,1,411,3.0,71965,37,2,1.0,1.0,0.0
2755,1380579,477,454,16,880,4,1,1,1,411,28.0,64573,34,2,2.0,1.0,1.0
6130,1391213,415,395,14,580,4,1,1,1,411,9.0,100699,54,2,2.0,1.0,0.0
3284,1386783,445,426,15,810,4,1,1,1,411,43.0,119442,28,2,1.0,0.0,1.0
5537,1377810,491,485,17,620,4,1,1,1,411,28.0,56730,32,2,3.0,0.0,0.0
9318,1377908,490,485,17,290,4,1,1,1,411,28.0,311752,31,2,1.0,1.0,0.0
9501,1381625,472,454,16,280,4,1,1,1,411,28.0,72637,47,2,1.0,1.0,0.0
2751,1375901,500,485,17,880,4,1,1,1,411,28.0,44912,31,1,2.0,1.0,1.0
11380,1404154,330,304,11,190,4,1,1,2,411,28.0,43760,79,2,2.0,1.0,0.0
427,1384318,416,395,14,1520,4,1,1,1,411,28.0,141754,31,2,5.0,0.0,1.0
1282,1374594,506,485,17,1130,4,1,1,1,411,50.0,38387,44,2,2.0,1.0,1.0
2439,1391868,410,395,14,920,4,1,1,1,411,28.0,78044,33,1,2.0,1.0,1.0
9509,1382711,466,454,16,280,4,1,1,1,411,7.0,113652,32,2,1.0,1.0,0.0
1402,1407089,316,304,11,1100,4,1,1,2,411,24.0,113652,58,2,4.0,0.0,1.0
11054,1384750,457,426,15,210,4,1,1,1,411,20.0,113652,52,2,1.0,1.0,0.0
1740,1383641,463,426,15,1040,4,1,1,1,411,8.0,113652,26,2,3.0,0.0,0.0
4281,1404584,327,304,11,720,4,1,1,2,411,7.0,121724,33,2,3.0,1.0,1.0
5362,1403888,332,304,11,640,4,1,1,2,411,46.0,47759,34,1,2.0,1.0,1.0
676,1379658,480,454,16,1360,4,1,1,1,411,46.0,57808,48,1,3.0,1.0,0.0
6760,1409200,312,304,11,530,4,1,1,2,411,28.0,190669,32,2,2.0,1.0,1.0
2189,1394230,396,395,14,960,4,1,1,1,411,14.0,55019,52,2,3.0,1.0,1.0
3312,1375766,500,485,17,810,4,1,1,1,411,28.0,62597,34,2,2.0,1.0,0.0
6365,1392655,407,395,14,560,4,1,1,1,411,28.0,68586,87,1,1.0,0.0,0.0
5960,1391958,410,395,14,590,4,1,1,1,411,41.0,105696,46,2,2.0,0.0,0.0
7272,1399969,360,334,12,480,4,1,1,1,411,28.0,304082,48,1,1.0,0.0,0.0
1904,1381761,472,454,16,1000,4,1,1,1,411,7.0,113652,39,2,2.0,1.0,1.0
7520,1378738,485,454,16,460,4,1,1,1,411,8.0,147560,35,1,1.0,1.0,0.0
9887,1406524,317,304,11,260,4,1,1,2,411,35.0,267789,40,1,1.0,0.0,0.0
11193,1389619,428,395,14,200,4,1,1,1,411,18.0,273278,29,2,1.0,1.0,0.0
11863,1414481,308,304,11,170,4,1,1,2,411,41.0,30701,20,2,1.0,1.0,0.0
10424,1385200,455,426,15,240,4,1,1,1,411,28.0,69339,47,1,1.0,0.0,0.0
8769,1397913,373,365,13,330,4,1,1,1,411,41.0,43807,29,1,1.0,1.0,0.0
11461,1376885,494,485,16,190,4,1,1,1,411,35.0,24548,43,2,0.5,0.0,0.0
740,1391011,416,395,14,1330,4,1,1,1,411,11.0,71031,39,1,3.0,0.0,1.0
0,1374819,505,485,17,4290,4,1,1,1,411,28.0,121839,38,2,8.0,0.0,1.0
6699,1413904,308,304,11,530,4,1,1,2,411,36.0,85147,22,1,2.0,1.0,1.0
1730,1387869,438,426,15,1040,4,1,1,1,411,35.0,57887,35,1,2.0,1.0,1.0
4900,1397731,374,365,13,670,4,1,1,1,411,11.0,50057,20,2,2.0,1.0,1.0
1950,647070,473,454,16,1000,4,1,1,1,411,28.0,229100,58,2,2.0,1.0,1.0
9697,1400712,354,334,12,270,4,1,1,1,411,28.0,113652,20,2,1.0,1.0,0.0
1408,1381521,473,454,16,1100,4,1,1,1,411,35.0,26338,29,2,3.0,0.0,0.0
7518,1393341,402,304,11,460,4,1,1,2,411,41.0,53322,36,2,2.0,1.0,1.0
4099,1381606,472,454,16,740,4,1,1,1,411,3.0,113652,31,1,2.0,0.0,0.5
10705,1382412,469,454,16,230,4,1,1,1,411,37.0,55573,63,1,0.0,0.0,0.0
6889,1393120,403,365,13,520,4,1,1,1,411,41.0,113652,30,1,1.0,1.0,1.0
3705,1401707,347,334,12,780,4,1,1,1,411,28.0,228770,26,2,2.0,1.0,1.0
1498,1376582,497,485,17,1070,4,1,1,1,411,50.0,75925,29,2,2.0,1.0,1.0
7195,1389739,428,365,13,490,4,1,1,1,411,3.0,71084,39,1,1.0,0.0,0.0
4265,1160205,350,334,12,720,4,1,1,1,411,46.0,64419,54,1,2.0,1.0,1.0
3238,1378488,486,485,17,820,4,1,1,1,411,28.0,69668,37,2,1.0,0.0,0.0
2389,1388486,435,426,15,930,4,1,1,1,411,29.0,19296,36,1,2.0,1.0,1.0
11753,1408139,313,304,11,170,4,1,1,2,411,46.0,27827,29,1,1.0,1.0,0.0
8542,1375638,501,485,17,350,4,1,1,1,411,11.0,65373,42,2,1.0,1.0,0.0
6870,130625,382,365,13,520,4,1,1,1,411,28.0,207240,57,1,1.0,0.0,0.0
2391,1380443,477,426,15,930,4,1,1,1,411,8.0,134237,32,1,2.0,1.0,1.0
4533,1413879,308,304,11,710,4,1,1,2,411,3.0,59742,28,2,2.0,1.0,1.0
8261,1399840,361,334,12,380,4,1,1,1,411,8.0,99381,36,1,1.0,0.0,0.0
2325,1379049,484,454,16,940,4,1,1,1,411,28.0,49174,30,1,2.0,1.0,1.0
9657,1389382,429,426,15,270,4,1,1,1,411,28.0,176743,63,2,1.0,1.0,0.0
1373,1390046,424,395,11,1110,4,1,1,1,411,46.0,61634,45,2,3.0,1.0,1.0
5424,1401403,350,334,12,640,4,1,1,1,411,8.0,120366,31,1,2.0,0.0,1.0
10102,1404470,329,304,11,250,4,1,1,2,411,29.0,105664,52,1,1.0,1.0,0.0
216,1386083,450,426,15,1740,4,1,1,1,411,28.0,130817,30,1,4.0,0.0,1.0
8516,1407277,316,304,11,350,4,1,1,2,411,9.0,91655,23,1,1.0,1.0,0.0
11217,1390935,416,395,14,200,4,1,1,1,411,8.0,103162,35,1,1.0,1.0,0.0
10498,1391478,414,395,14,230,4,1,1,1,411,3.0,50365,71,2,2.0,1.0,0.0
866,1375216,504,485,17,1270,4,1,1,1,411,3.0,63532,40,2,3.0,1.0,1.0
5176,1397561,375,334,12,650,4,1,1,1,411,3.0,113652,20,1,3.0,0.0,0.0
8552,1404404,329,304,11,350,4,1,1,2,411,28.0,113652,32,1,1.0,1.0,0.0
17,582195,472,454,16,2610,4,1,1,1,411,28.0,158588,52,1,6.0,0.0,1.0
2254,1384269,459,426,15,950,4,1,1,1,411,28.0,115922,28,2,2.0,1.0,1.0
5145,1408540,312,304,11,650,4,1,1,2,411,15.0,113652,46,2,2.0,1.0,1.0
9935,1411573,310,304,11,260,4,1,1,2,411,38.0,101268,29,2,1.0,1.0,0.0
10608,1400482,357,334,12,230,4,1,1,1,411,28.0,290610,33,1,2.0,0.5,0.0
7417,1397249,378,365,13,470,4,1,1,1,411,28.0,36864,67,1,1.0,0.0,0.0
7077,1388031,437,426,15,500,4,1,1,1,411,41.0,178655,63,1,2.0,0.0,0.0
11247,1389006,431,426,15,200,4,1,1,1,411,49.0,71862,37,2,1.0,1.0,0.0
4924,1397049,379,365,13,670,4,1,1,1,411,46.0,268272,46,1,2.0,1.0,1.0
1418,1379194,483,454,16,1100,4,1,1,1,411,46.0,67319,54,1,3.0,1.0,0.0
4466,1389460,429,426,15,710,4,1,1,1,411,9.0,131501,32,2,2.0,1.0,0.0
6926,1401235,351,334,12,520,4,1,1,1,411,28.0,113652,67,1,1.5,0.0,0.0
795,1396348,382,365,13,1290,4,1,1,1,411,23.0,52880,32,1,4.0,0.0,1.0
11037,1378929,484,426,15,210,4,1,1,1,411,1.0,113652,23,2,1.0,1.0,0.0
5905,158366,343,304,11,600,4,1,1,2,411,46.0,91680,61,1,1.0,0.0,0.0
5333,1386679,351,304,11,640,4,1,1,2,411,8.0,41983,51,2,3.0,0.0,0.0
11187,1398051,373,304,11,200,4,1,1,2,411,28.0,51829,57,1,1.0,1.0,0.0
6366,1386463,448,426,15,560,4,1,1,1,411,28.0,102049,38,2,1.0,1.0,0.0
2929,1390243,423,395,14,860,4,1,1,1,411,29.0,54152,37,2,2.0,1.0,1.0
7297,1400026,360,334,12,480,4,1,1,1,411,50.0,88595,20,2,1.5,1.0,0.5
10872,1413077,309,304,11,220,4,1,1,2,411,11.0,128083,22,1,1.0,1.0,0.0
8752,1389659,428,426,15,330,4,1,1,1,411,36.0,110007,43,2,1.0,1.0,0.0
7782,1385675,451,426,15,430,4,1,1,1,411,39.0,113652,49,2,1.0,1.0,0.0
